{
	"__comment": "Designed by CreatorLabs with Cubik Studio - https://cubik.studio - Download 3D CreatorCraft at https://www.planetminecraft.com/texture_pack/3d-creatorcraft/",
	"textures": {
		"iron": "creatorlabs/lightsabers/maul/iron",
		"laser": "creatorlabs/lightsabers/maul/laser_red",
		"black_iron": "creatorlabs/lightsabers/maul/black_iron",
		"red": "creatorlabs/lightsabers/maul/red"
	},
	"elements": [ 	 
		{
			"__comment": "iron8",
			"from": [ 6.75, 0.25, 7.5 ],
			"to": [ 9.25, 0.5, 8.5 ],
			"faces": {
				"down": { "uv": [ 6.75, 7.5, 9.25, 8.5 ], "texture": "#iron" },
				"up": { "uv": [ 6.75, 7.5, 9.25, 8.5 ], "texture": "#iron" },
				"north": { "uv": [ 6.75, 15.5, 9.25, 15.75 ], "texture": "#iron" },
				"south": { "uv": [ 6.75, 15.5, 9.25, 15.75 ], "texture": "#iron" },
				"west": { "uv": [ 7.5, 15.5, 8.5, 15.75 ], "texture": "#iron" },
				"east": { "uv": [ 7.5, 15.5, 8.5, 15.75 ], "texture": "#iron" }
			}
		},
		{
			"__comment": "iron14",
			"from": [ 6.75, 1, 7.5 ],
			"to": [ 7, 2.75, 7.75 ],
			"faces": {
				"down": { "uv": [ 6.75, 8.25, 7, 8.5 ], "texture": "#iron" },
				"up": { "uv": [ 6.75, 7.5, 7, 7.75 ], "texture": "#iron" },
				"north": { "uv": [ 9, 13.25, 9.25, 15 ], "texture": "#iron" },
				"south": { "uv": [ 6.75, 13.25, 7, 15 ], "texture": "#iron" },
				"west": { "uv": [ 7.5, 13.25, 7.75, 15 ], "texture": "#iron" }
			}
		},
		{
			"__comment": "iron15",
			"from": [ 6.75, 1, 8.25 ],
			"to": [ 7, 2.75, 8.5 ],
			"faces": {
				"down": { "uv": [ 6.75, 7.5, 7, 7.75 ], "texture": "#iron" },
				"up": { "uv": [ 6.75, 8.25, 7, 8.5 ], "texture": "#iron" },
				"north": { "uv": [ 9, 13.25, 9.25, 15 ], "texture": "#iron" },
				"south": { "uv": [ 6.75, 13.25, 7, 15 ], "texture": "#iron" },
				"west": { "uv": [ 8.25, 13.25, 8.5, 15 ], "texture": "#iron" }
			}
		},
		{
			"__comment": "iron53",
			"from": [ 6.75, 13.5, 7.5 ],
			"to": [ 7, 15.25, 7.75 ],
			"faces": {
				"down": { "uv": [ 6.75, 8.25, 7, 8.5 ], "texture": "#iron" },
				"up": { "uv": [ 6.75, 7.5, 7, 7.75 ], "texture": "#iron" },
				"north": { "uv": [ 9, 0.75, 9.25, 2.5 ], "texture": "#iron" },
				"south": { "uv": [ 6.75, 0.75, 7, 2.5 ], "texture": "#iron" },
				"west": { "uv": [ 7.5, 0.75, 7.75, 2.5 ], "texture": "#iron" }
			}
		},
		{
			"__comment": "iron54",
			"from": [ 6.75, 13.5, 8.25 ],
			"to": [ 7, 15.25, 8.5 ],
			"faces": {
				"down": { "uv": [ 6.75, 7.5, 7, 7.75 ], "texture": "#iron" },
				"up": { "uv": [ 6.75, 8.25, 7, 8.5 ], "texture": "#iron" },
				"north": { "uv": [ 9, 0.75, 9.25, 2.5 ], "texture": "#iron" },
				"south": { "uv": [ 6.75, 0.75, 7, 2.5 ], "texture": "#iron" },
				"west": { "uv": [ 8.25, 0.75, 8.5, 2.5 ], "texture": "#iron" }
			}
		},
		{
			"__comment": "iron71",
			"from": [ 6.75, 15.75, 7.5 ],
			"to": [ 9.25, 16, 8.5 ],
			"faces": {
				"down": { "uv": [ 6.75, 7.5, 9.25, 8.5 ], "texture": "#iron" },
				"up": { "uv": [ 6.75, 7.5, 9.25, 8.5 ], "texture": "#iron" },
				"north": { "uv": [ 6.75, 0, 9.25, 0.25 ], "texture": "#iron" },
				"south": { "uv": [ 6.75, 0, 9.25, 0.25 ], "texture": "#iron" },
				"west": { "uv": [ 7.5, 0, 8.5, 0.25 ], "texture": "#iron" },
				"east": { "uv": [ 7.5, 0, 8.5, 0.25 ], "texture": "#iron" }
			}
		},
		{
			"__comment": "iron16",
			"from": [ 7, 0.25, 7.25 ],
			"to": [ 9, 0.5, 7.5 ],
			"faces": {
				"down": { "uv": [ 7, 8.5, 9, 8.75 ], "texture": "#iron" },
				"up": { "uv": [ 7, 7.25, 9, 7.5 ], "texture": "#iron" },
				"north": { "uv": [ 7, 15.5, 9, 15.75 ], "texture": "#iron" },
				"west": { "uv": [ 7.25, 15.5, 7.5, 15.75 ], "texture": "#iron" },
				"east": { "uv": [ 8.5, 15.5, 8.75, 15.75 ], "texture": "#iron" }
			}
		},
		{
			"__comment": "iron1",
			"from": [ 7, 0.25, 8.5 ],
			"to": [ 9, 0.5, 8.75 ],
			"faces": {
				"down": { "uv": [ 7, 7.25, 9, 7.5 ], "texture": "#iron" },
				"up": { "uv": [ 7, 8.5, 9, 8.75 ], "texture": "#iron" },
				"south": { "uv": [ 7, 15.5, 9, 15.75 ], "texture": "#iron" },
				"west": { "uv": [ 8.5, 15.5, 8.75, 15.75 ], "texture": "#iron" },
				"east": { "uv": [ 7.25, 15.5, 7.5, 15.75 ], "texture": "#iron" }
			}
		},
		{
			"__comment": "iron9",
			"from": [ 7, 0.5, 7.5 ],
			"to": [ 9, 1, 8.5 ],
			"faces": {
				"north": { "uv": [ 7, 15, 9, 15.5 ], "texture": "#iron" },
				"south": { "uv": [ 7, 15, 9, 15.5 ], "texture": "#iron" },
				"west": { "uv": [ 7.5, 15, 8.5, 15.5 ], "texture": "#iron" },
				"east": { "uv": [ 7.5, 15, 8.5, 15.5 ], "texture": "#iron" }
			}
		},
		{
			"__comment": "iron17",
			"from": [ 7, 1, 7.5 ],
			"to": [ 9, 2.75, 8.5 ],
			"faces": {
				"up": { "uv": [ 7, 7.5, 9, 8.5 ], "texture": "#iron" },
				"north": { "uv": [ 7, 13.25, 9, 15 ], "texture": "#iron" },
				"south": { "uv": [ 7, 13.25, 9, 15 ], "texture": "#iron" },
				"west": { "uv": [ 7.5, 13.25, 8.5, 15 ], "texture": "#iron" },
				"east": { "uv": [ 7.5, 13.25, 8.5, 15 ], "texture": "#iron" }
			}
		},
		{
			"__comment": "iron30",
			"from": [ 7, 3, 7.5 ],
			"to": [ 9, 6, 8.5 ],
			"faces": {
				"down": { "uv": [ 7, 7.5, 9, 8.5 ], "texture": "#iron" },
				"up": { "uv": [ 7, 7.5, 9, 8.5 ], "texture": "#iron" },
				"north": { "uv": [ 7, 10, 9, 13 ], "texture": "#iron" },
				"south": { "uv": [ 7, 10, 9, 13 ], "texture": "#iron" },
				"west": { "uv": [ 7.5, 10, 8.5, 13 ], "texture": "#iron" },
				"east": { "uv": [ 7.5, 10, 8.5, 13 ], "texture": "#iron" }
			}
		},
		{
			"__comment": "iron35",
			"from": [ 7, 6.25, 7.5 ],
			"to": [ 9, 8, 8.5 ],
			"faces": {
				"down": { "uv": [ 7, 7.5, 9, 8.5 ], "texture": "#iron" },
				"up": { "uv": [ 7, 7.5, 9, 8.5 ], "texture": "#iron" },
				"north": { "uv": [ 7, 8, 9, 9.75 ], "texture": "#iron" },
				"south": { "uv": [ 7, 8, 9, 9.75 ], "texture": "#iron" },
				"west": { "uv": [ 7.5, 8, 8.5, 9.75 ], "texture": "#iron" },
				"east": { "uv": [ 7.5, 8, 8.5, 9.75 ], "texture": "#iron" }
			}
		},
		{
			"__comment": "iron43",
			"from": [ 7, 8.25, 7.5 ],
			"to": [ 9, 10, 8.5 ],
			"faces": {
				"down": { "uv": [ 7, 7.5, 9, 8.5 ], "texture": "#iron" },
				"up": { "uv": [ 7, 7.5, 9, 8.5 ], "texture": "#iron" },
				"north": { "uv": [ 7, 6, 9, 7.75 ], "texture": "#iron" },
				"south": { "uv": [ 7, 6, 9, 7.75 ], "texture": "#iron" },
				"west": { "uv": [ 7.5, 6, 8.5, 7.75 ], "texture": "#iron" },
				"east": { "uv": [ 7.5, 6, 8.5, 7.75 ], "texture": "#iron" }
			}
		},
		{
			"__comment": "iron48",
			"from": [ 7, 10.25, 7.5 ],
			"to": [ 9, 13.25, 8.5 ],
			"faces": {
				"down": { "uv": [ 7, 7.5, 9, 8.5 ], "texture": "#iron" },
				"up": { "uv": [ 7, 7.5, 9, 8.5 ], "texture": "#iron" },
				"north": { "uv": [ 7, 2.75, 9, 5.75 ], "texture": "#iron" },
				"south": { "uv": [ 7, 2.75, 9, 5.75 ], "texture": "#iron" },
				"west": { "uv": [ 7.5, 2.75, 8.5, 5.75 ], "texture": "#iron" },
				"east": { "uv": [ 7.5, 2.75, 8.5, 5.75 ], "texture": "#iron" }
			}
		},
		{
			"__comment": "iron55",
			"from": [ 7, 13.5, 7.5 ],
			"to": [ 9, 15.25, 8.5 ],
			"faces": {
				"down": { "uv": [ 7, 7.5, 9, 8.5 ], "texture": "#iron" },
				"north": { "uv": [ 7, 0.75, 9, 2.5 ], "texture": "#iron" },
				"south": { "uv": [ 7, 0.75, 9, 2.5 ], "texture": "#iron" },
				"west": { "uv": [ 7.5, 0.75, 8.5, 2.5 ], "texture": "#iron" },
				"east": { "uv": [ 7.5, 0.75, 8.5, 2.5 ], "texture": "#iron" }
			}
		},
		{
			"__comment": "iron66",
			"from": [ 7, 15.25, 7.5 ],
			"to": [ 9, 15.75, 8.5 ],
			"faces": {
				"north": { "uv": [ 7, 0.25, 9, 0.75 ], "texture": "#iron" },
				"south": { "uv": [ 7, 0.25, 9, 0.75 ], "texture": "#iron" },
				"west": { "uv": [ 7.5, 0.25, 8.5, 0.75 ], "texture": "#iron" },
				"east": { "uv": [ 7.5, 0.25, 8.5, 0.75 ], "texture": "#iron" }
			}
		},
		{
			"__comment": "iron72",
			"from": [ 7, 15.75, 7.25 ],
			"to": [ 9, 16, 7.5 ],
			"faces": {
				"down": { "uv": [ 7, 8.5, 9, 8.75 ], "texture": "#iron" },
				"up": { "uv": [ 7, 7.25, 9, 7.5 ], "texture": "#iron" },
				"north": { "uv": [ 7, 0, 9, 0.25 ], "texture": "#iron" },
				"west": { "uv": [ 7.25, 0, 7.5, 0.25 ], "texture": "#iron" },
				"east": { "uv": [ 8.5, 0, 8.75, 0.25 ], "texture": "#iron" }
			}
		},
		{
			"__comment": "iron73",
			"from": [ 7, 15.75, 8.5 ],
			"to": [ 9, 16, 8.75 ],
			"faces": {
				"down": { "uv": [ 7, 7.25, 9, 7.5 ], "texture": "#iron" },
				"up": { "uv": [ 7, 8.5, 9, 8.75 ], "texture": "#iron" },
				"south": { "uv": [ 7, 0, 9, 0.25 ], "texture": "#iron" },
				"west": { "uv": [ 8.5, 0, 8.75, 0.25 ], "texture": "#iron" },
				"east": { "uv": [ 7.25, 0, 7.5, 0.25 ], "texture": "#iron" }
			}
		},
		{
			"__comment": "iron10",
			"from": [ 7.25, 0, 7.75 ],
			"to": [ 7.5, 0.25, 8.25 ],
			"faces": {
				"down": { "uv": [ 7.25, 7.75, 7.5, 8.25 ], "texture": "#iron" },
				"north": { "uv": [ 8.5, 15.75, 8.75, 16 ], "texture": "#iron" },
				"south": { "uv": [ 7.25, 15.75, 7.5, 16 ], "texture": "#iron" },
				"west": { "uv": [ 7.75, 15.75, 8.25, 16 ], "texture": "#iron" }
			}
		},
		{
			"__comment": "iron18",
			"from": [ 7.25, 0.25, 7 ],
			"to": [ 8.75, 0.5, 7.25 ],
			"faces": {
				"down": { "uv": [ 7.25, 8.75, 8.75, 9 ], "texture": "#iron" },
				"up": { "uv": [ 7.25, 7, 8.75, 7.25 ], "texture": "#iron" },
				"north": { "uv": [ 7.25, 15.5, 8.75, 15.75 ], "texture": "#iron" },
				"west": { "uv": [ 7, 15.5, 7.25, 15.75 ], "texture": "#iron" },
				"east": { "uv": [ 8.75, 15.5, 9, 15.75 ], "texture": "#iron" }
			}
		},
		{
			"__comment": "iron2",
			"from": [ 7.25, 0.25, 8.75 ],
			"to": [ 8.75, 0.5, 9 ],
			"faces": {
				"down": { "uv": [ 7.25, 7, 8.75, 7.25 ], "texture": "#iron" },
				"up": { "uv": [ 7.25, 8.75, 8.75, 9 ], "texture": "#iron" },
				"south": { "uv": [ 7.25, 15.5, 8.75, 15.75 ], "texture": "#iron" },
				"west": { "uv": [ 8.75, 15.5, 9, 15.75 ], "texture": "#iron" },
				"east": { "uv": [ 7, 15.5, 7.25, 15.75 ], "texture": "#iron" }
			}
		},
		{
			"__comment": "iron19",
			"from": [ 7.25, 0.5, 7.25 ],
			"to": [ 8.75, 1, 7.5 ],
			"faces": {
				"north": { "uv": [ 7.25, 15, 8.75, 15.5 ], "texture": "#iron" },
				"west": { "uv": [ 7.25, 15, 7.5, 15.5 ], "texture": "#iron" },
				"east": { "uv": [ 8.5, 15, 8.75, 15.5 ], "texture": "#iron" }
			}
		},
		{
			"__comment": "iron6",
			"from": [ 7.25, 0.5, 8.5 ],
			"to": [ 8.75, 1, 8.75 ],
			"faces": {
				"south": { "uv": [ 7.25, 15, 8.75, 15.5 ], "texture": "#iron" },
				"west": { "uv": [ 8.5, 15, 8.75, 15.5 ], "texture": "#iron" },
				"east": { "uv": [ 7.25, 15, 7.5, 15.5 ], "texture": "#iron" }
			}
		},
		{
			"__comment": "iron20",
			"from": [ 7.25, 1, 7.25 ],
			"to": [ 8.75, 2.75, 7.5 ],
			"faces": {
				"up": { "uv": [ 7.25, 7.25, 8.75, 7.5 ], "texture": "#iron" },
				"north": { "uv": [ 7.25, 13.25, 8.75, 15 ], "texture": "#iron" },
				"west": { "uv": [ 7.25, 13.25, 7.5, 15 ], "texture": "#iron" },
				"east": { "uv": [ 8.5, 13.25, 8.75, 15 ], "texture": "#iron" }
			}
		},
		{
			"__comment": "iron21",
			"from": [ 7.25, 1, 8.5 ],
			"to": [ 8.75, 2.75, 8.75 ],
			"faces": {
				"up": { "uv": [ 7.25, 8.5, 8.75, 8.75 ], "texture": "#iron" },
				"south": { "uv": [ 7.25, 13.25, 8.75, 15 ], "texture": "#iron" },
				"west": { "uv": [ 8.5, 13.25, 8.75, 15 ], "texture": "#iron" },
				"east": { "uv": [ 7.25, 13.25, 7.5, 15 ], "texture": "#iron" }
			}
		},
		{
			"__comment": "black_iron",
			"from": [ 7.25, 2.75, 7.5 ],
			"to": [ 8.75, 3, 8.5 ],
			"faces": {
				"north": { "uv": [ 7.25, 13, 8.75, 13.25 ], "texture": "#black_iron" },
				"south": { "uv": [ 7.25, 13, 8.75, 13.25 ], "texture": "#black_iron" },
				"west": { "uv": [ 7.5, 13, 8.5, 13.25 ], "texture": "#black_iron" },
				"east": { "uv": [ 7.5, 13, 8.5, 13.25 ], "texture": "#black_iron" }
			}
		},
		{
			"__comment": "iron31",
			"from": [ 7.25, 3, 7.25 ],
			"to": [ 8.75, 6, 7.5 ],
			"faces": {
				"down": { "uv": [ 7.25, 8.5, 8.75, 8.75 ], "texture": "#iron" },
				"up": { "uv": [ 7.25, 7.25, 8.75, 7.5 ], "texture": "#iron" },
				"north": { "uv": [ 7.25, 10, 8.75, 13 ], "texture": "#iron" },
				"west": { "uv": [ 7.25, 10, 7.5, 13 ], "texture": "#iron" },
				"east": { "uv": [ 8.5, 10, 8.75, 13 ], "texture": "#iron" }
			}
		},
		{
			"__comment": "iron32",
			"from": [ 7.25, 3, 8.5 ],
			"to": [ 8.75, 6, 8.75 ],
			"faces": {
				"down": { "uv": [ 7.25, 7.25, 8.75, 7.5 ], "texture": "#iron" },
				"up": { "uv": [ 7.25, 8.5, 8.75, 8.75 ], "texture": "#iron" },
				"south": { "uv": [ 7.25, 10, 8.75, 13 ], "texture": "#iron" },
				"west": { "uv": [ 8.5, 10, 8.75, 13 ], "texture": "#iron" },
				"east": { "uv": [ 7.25, 10, 7.5, 13 ], "texture": "#iron" }
			}
		},
		{
			"__comment": "black_iron1",
			"from": [ 7.25, 6, 7.5 ],
			"to": [ 8.75, 6.25, 8.5 ],
			"faces": {
				"north": { "uv": [ 7.25, 9.75, 8.75, 10 ], "texture": "#black_iron" },
				"south": { "uv": [ 7.25, 9.75, 8.75, 10 ], "texture": "#black_iron" },
				"west": { "uv": [ 7.5, 9.75, 8.5, 10 ], "texture": "#black_iron" },
				"east": { "uv": [ 7.5, 9.75, 8.5, 10 ], "texture": "#black_iron" }
			}
		},
		{
			"__comment": "iron36",
			"from": [ 7.25, 6.25, 7.25 ],
			"to": [ 8.75, 8, 7.5 ],
			"faces": {
				"down": { "uv": [ 7.25, 8.5, 8.75, 8.75 ], "texture": "#iron" },
				"up": { "uv": [ 7.25, 7.25, 8.75, 7.5 ], "texture": "#iron" },
				"north": { "uv": [ 7.25, 8, 8.75, 9.75 ], "texture": "#iron" },
				"west": { "uv": [ 7.25, 8, 7.5, 9.75 ], "texture": "#iron" },
				"east": { "uv": [ 8.5, 8, 8.75, 9.75 ], "texture": "#iron" }
			}
		},
		{
			"__comment": "iron37",
			"from": [ 7.25, 6.25, 8.5 ],
			"to": [ 8.75, 8, 8.75 ],
			"faces": {
				"down": { "uv": [ 7.25, 7.25, 8.75, 7.5 ], "texture": "#iron" },
				"up": { "uv": [ 7.25, 8.5, 8.75, 8.75 ], "texture": "#iron" },
				"south": { "uv": [ 7.25, 8, 8.75, 9.75 ], "texture": "#iron" },
				"west": { "uv": [ 8.5, 8, 8.75, 9.75 ], "texture": "#iron" },
				"east": { "uv": [ 7.25, 8, 7.5, 9.75 ], "texture": "#iron" }
			}
		},
		{
			"__comment": "black_iron2",
			"from": [ 7.25, 8, 7.5 ],
			"to": [ 8.75, 8.25, 8.5 ],
			"faces": {
				"north": { "uv": [ 7.25, 7.75, 8.75, 8 ], "texture": "#black_iron" },
				"south": { "uv": [ 7.25, 7.75, 8.75, 8 ], "texture": "#black_iron" },
				"west": { "uv": [ 7.5, 7.75, 8.5, 8 ], "texture": "#black_iron" },
				"east": { "uv": [ 7.5, 7.75, 8.5, 8 ], "texture": "#black_iron" }
			}
		},
		{
			"__comment": "iron44",
			"from": [ 7.25, 8.25, 7.25 ],
			"to": [ 8.75, 10, 7.5 ],
			"faces": {
				"down": { "uv": [ 7.25, 8.5, 8.75, 8.75 ], "texture": "#iron" },
				"up": { "uv": [ 7.25, 7.25, 8.75, 7.5 ], "texture": "#iron" },
				"north": { "uv": [ 7.25, 6, 8.75, 7.75 ], "texture": "#iron" },
				"west": { "uv": [ 7.25, 6, 7.5, 7.75 ], "texture": "#iron" },
				"east": { "uv": [ 8.5, 6, 8.75, 7.75 ], "texture": "#iron" }
			}
		},
		{
			"__comment": "iron45",
			"from": [ 7.25, 8.25, 8.5 ],
			"to": [ 8.75, 10, 8.75 ],
			"faces": {
				"down": { "uv": [ 7.25, 7.25, 8.75, 7.5 ], "texture": "#iron" },
				"up": { "uv": [ 7.25, 8.5, 8.75, 8.75 ], "texture": "#iron" },
				"south": { "uv": [ 7.25, 6, 8.75, 7.75 ], "texture": "#iron" },
				"west": { "uv": [ 8.5, 6, 8.75, 7.75 ], "texture": "#iron" },
				"east": { "uv": [ 7.25, 6, 7.5, 7.75 ], "texture": "#iron" }
			}
		},
		{
			"__comment": "black_iron3",
			"from": [ 7.25, 10, 7.5 ],
			"to": [ 8.75, 10.25, 8.5 ],
			"faces": {
				"north": { "uv": [ 7.25, 5.75, 8.75, 6 ], "texture": "#black_iron" },
				"south": { "uv": [ 7.25, 5.75, 8.75, 6 ], "texture": "#black_iron" },
				"west": { "uv": [ 7.5, 5.75, 8.5, 6 ], "texture": "#black_iron" },
				"east": { "uv": [ 7.5, 5.75, 8.5, 6 ], "texture": "#black_iron" }
			}
		},
		{
			"__comment": "iron49",
			"from": [ 7.25, 10.25, 7.25 ],
			"to": [ 8.75, 13.25, 7.5 ],
			"faces": {
				"down": { "uv": [ 7.25, 8.5, 8.75, 8.75 ], "texture": "#iron" },
				"up": { "uv": [ 7.25, 7.25, 8.75, 7.5 ], "texture": "#iron" },
				"north": { "uv": [ 7.25, 2.75, 8.75, 5.75 ], "texture": "#iron" },
				"west": { "uv": [ 7.25, 2.75, 7.5, 5.75 ], "texture": "#iron" },
				"east": { "uv": [ 8.5, 2.75, 8.75, 5.75 ], "texture": "#iron" }
			}
		},
		{
			"__comment": "iron50",
			"from": [ 7.25, 10.25, 8.5 ],
			"to": [ 8.75, 13.25, 8.75 ],
			"faces": {
				"down": { "uv": [ 7.25, 7.25, 8.75, 7.5 ], "texture": "#iron" },
				"up": { "uv": [ 7.25, 8.5, 8.75, 8.75 ], "texture": "#iron" },
				"south": { "uv": [ 7.25, 2.75, 8.75, 5.75 ], "texture": "#iron" },
				"west": { "uv": [ 8.5, 2.75, 8.75, 5.75 ], "texture": "#iron" },
				"east": { "uv": [ 7.25, 2.75, 7.5, 5.75 ], "texture": "#iron" }
			}
		},
		{
			"__comment": "black_iron4",
			"from": [ 7.25, 13.25, 7.5 ],
			"to": [ 8.75, 13.5, 8.5 ],
			"faces": {
				"north": { "uv": [ 7.25, 2.5, 8.75, 2.75 ], "texture": "#black_iron" },
				"south": { "uv": [ 7.25, 2.5, 8.75, 2.75 ], "texture": "#black_iron" },
				"west": { "uv": [ 7.5, 2.5, 8.5, 2.75 ], "texture": "#black_iron" },
				"east": { "uv": [ 7.5, 2.5, 8.5, 2.75 ], "texture": "#black_iron" }
			}
		},
		{
			"__comment": "iron56",
			"from": [ 7.25, 13.5, 7.25 ],
			"to": [ 8.75, 15.25, 7.5 ],
			"faces": {
				"down": { "uv": [ 7.25, 8.5, 8.75, 8.75 ], "texture": "#iron" },
				"north": { "uv": [ 7.25, 0.75, 8.75, 2.5 ], "texture": "#iron" },
				"west": { "uv": [ 7.25, 0.75, 7.5, 2.5 ], "texture": "#iron" },
				"east": { "uv": [ 8.5, 0.75, 8.75, 2.5 ], "texture": "#iron" }
			}
		},
		{
			"__comment": "iron57",
			"from": [ 7.25, 13.5, 8.5 ],
			"to": [ 8.75, 15.25, 8.75 ],
			"faces": {
				"down": { "uv": [ 7.25, 7.25, 8.75, 7.5 ], "texture": "#iron" },
				"south": { "uv": [ 7.25, 0.75, 8.75, 2.5 ], "texture": "#iron" },
				"west": { "uv": [ 8.5, 0.75, 8.75, 2.5 ], "texture": "#iron" },
				"east": { "uv": [ 7.25, 0.75, 7.5, 2.5 ], "texture": "#iron" }
			}
		},
		{
			"__comment": "iron67",
			"from": [ 7.25, 15.25, 7.25 ],
			"to": [ 8.75, 15.75, 7.5 ],
			"faces": {
				"north": { "uv": [ 7.25, 0.25, 8.75, 0.75 ], "texture": "#iron" },
				"west": { "uv": [ 7.25, 0.25, 7.5, 0.75 ], "texture": "#iron" },
				"east": { "uv": [ 8.5, 0.25, 8.75, 0.75 ], "texture": "#iron" }
			}
		},
		{
			"__comment": "iron68",
			"from": [ 7.25, 15.25, 8.5 ],
			"to": [ 8.75, 15.75, 8.75 ],
			"faces": {
				"south": { "uv": [ 7.25, 0.25, 8.75, 0.75 ], "texture": "#iron" },
				"west": { "uv": [ 8.5, 0.25, 8.75, 0.75 ], "texture": "#iron" },
				"east": { "uv": [ 7.25, 0.25, 7.5, 0.75 ], "texture": "#iron" }
			}
		},
		{
			"__comment": "iron74",
			"from": [ 7.25, 15.75, 7 ],
			"to": [ 8.75, 16, 7.25 ],
			"faces": {
				"down": { "uv": [ 7.25, 8.75, 8.75, 9 ], "texture": "#iron" },
				"up": { "uv": [ 7.25, 7, 8.75, 7.25 ], "texture": "#iron" },
				"north": { "uv": [ 7.25, 0, 8.75, 0.25 ], "texture": "#iron" },
				"west": { "uv": [ 7, 0, 7.25, 0.25 ], "texture": "#iron" },
				"east": { "uv": [ 8.75, 0, 9, 0.25 ], "texture": "#iron" }
			}
		},
		{
			"__comment": "iron75",
			"from": [ 7.25, 15.75, 8.75 ],
			"to": [ 8.75, 16, 9 ],
			"faces": {
				"down": { "uv": [ 7.25, 7, 8.75, 7.25 ], "texture": "#iron" },
				"up": { "uv": [ 7.25, 8.75, 8.75, 9 ], "texture": "#iron" },
				"south": { "uv": [ 7.25, 0, 8.75, 0.25 ], "texture": "#iron" },
				"west": { "uv": [ 8.75, 0, 9, 0.25 ], "texture": "#iron" },
				"east": { "uv": [ 7, 0, 7.25, 0.25 ], "texture": "#iron" }
			}
		},
		{
			"__comment": "iron5",
			"from": [ 7.25, 16, 7.75 ],
			"to": [ 7.5, 16.25, 8.25 ],
			"faces": {
				"up": { "uv": [ 7.25, 7.75, 7.5, 8.25 ], "texture": "#iron" },
				"north": { "uv": [ 8.5, 15.75, 8.75, 16 ], "texture": "#iron" },
				"south": { "uv": [ 7.25, 15.75, 7.5, 16 ], "texture": "#iron" },
				"west": { "uv": [ 7.75, 15.75, 8.25, 16 ], "texture": "#iron" }
			}
		},
		{
			"__comment": "iron11",
			"from": [ 7.5, 0, 7.5 ],
			"to": [ 7.75, 0.25, 7.75 ],
			"faces": {
				"down": { "uv": [ 7.5, 8.25, 7.75, 8.5 ], "texture": "#iron" },
				"north": { "uv": [ 8.25, 15.75, 8.5, 16 ], "texture": "#iron" },
				"west": { "uv": [ 7.5, 15.75, 7.75, 16 ], "texture": "#iron" }
			}
		},
		{
			"__comment": "iron3",
			"from": [ 7.5, 0, 8.25 ],
			"to": [ 7.75, 0.25, 8.5 ],
			"faces": {
				"down": { "uv": [ 7.5, 7.5, 7.75, 7.75 ], "texture": "#iron" },
				"south": { "uv": [ 7.5, 15.75, 7.75, 16 ], "texture": "#iron" },
				"west": { "uv": [ 8.25, 15.75, 8.5, 16 ], "texture": "#iron" }
			}
		},
		{
			"__comment": "iron40",
			"from": [ 7.5, 0.25, 6.75 ],
			"to": [ 8.5, 0.5, 7 ],
			"faces": {
				"down": { "uv": [ 7.5, 9, 8.5, 9.25 ], "texture": "#iron" },
				"up": { "uv": [ 7.5, 6.75, 8.5, 7 ], "texture": "#iron" },
				"north": { "uv": [ 7.5, 15.5, 8.5, 15.75 ], "texture": "#iron" },
				"west": { "uv": [ 6.75, 15.5, 7, 15.75 ], "texture": "#iron" },
				"east": { "uv": [ 9, 15.5, 9.25, 15.75 ], "texture": "#iron" }
			}
		},
		{
			"__comment": "iron4",
			"from": [ 7.5, 0.25, 9 ],
			"to": [ 8.5, 0.5, 9.25 ],
			"faces": {
				"down": { "uv": [ 7.5, 6.75, 8.5, 7 ], "texture": "#iron" },
				"up": { "uv": [ 7.5, 9, 8.5, 9.25 ], "texture": "#iron" },
				"south": { "uv": [ 7.5, 15.5, 8.5, 15.75 ], "texture": "#iron" },
				"west": { "uv": [ 9, 15.5, 9.25, 15.75 ], "texture": "#iron" },
				"east": { "uv": [ 6.75, 15.5, 7, 15.75 ], "texture": "#iron" }
			}
		},
		{
			"__comment": "iron22",
			"from": [ 7.5, 0.5, 7 ],
			"to": [ 8.5, 1, 7.25 ],
			"faces": {
				"north": { "uv": [ 7.5, 15, 8.5, 15.5 ], "texture": "#iron" },
				"west": { "uv": [ 7, 15, 7.25, 15.5 ], "texture": "#iron" },
				"east": { "uv": [ 8.75, 15, 9, 15.5 ], "texture": "#iron" }
			}
		},
		{
			"__comment": "iron7",
			"from": [ 7.5, 0.5, 8.75 ],
			"to": [ 8.5, 1, 9 ],
			"faces": {
				"south": { "uv": [ 7.5, 15, 8.5, 15.5 ], "texture": "#iron" },
				"west": { "uv": [ 8.75, 15, 9, 15.5 ], "texture": "#iron" },
				"east": { "uv": [ 7, 15, 7.25, 15.5 ], "texture": "#iron" }
			}
		},
		{
			"__comment": "iron41",
			"from": [ 7.5, 1, 6.75 ],
			"to": [ 7.75, 2.75, 7 ],
			"faces": {
				"down": { "uv": [ 7.5, 9, 7.75, 9.25 ], "texture": "#iron" },
				"up": { "uv": [ 7.5, 6.75, 7.75, 7 ], "texture": "#iron" },
				"north": { "uv": [ 8.25, 13.25, 8.5, 15 ], "texture": "#iron" },
				"west": { "uv": [ 6.75, 13.25, 7, 15 ], "texture": "#iron" },
				"east": { "uv": [ 9, 13.25, 9.25, 15 ], "texture": "#iron" }
			}
		},
		{
			"__comment": "iron23",
			"from": [ 7.5, 1, 7 ],
			"to": [ 8.5, 2.75, 7.25 ],
			"faces": {
				"up": { "uv": [ 7.5, 7, 8.5, 7.25 ], "texture": "#iron" },
				"north": { "uv": [ 7.5, 13.25, 8.5, 15 ], "texture": "#iron" },
				"west": { "uv": [ 7, 13.25, 7.25, 15 ], "texture": "#iron" },
				"east": { "uv": [ 8.75, 13.25, 9, 15 ], "texture": "#iron" }
			}
		},
		{
			"__comment": "iron24",
			"from": [ 7.5, 1, 8.75 ],
			"to": [ 8.5, 2.75, 9 ],
			"faces": {
				"up": { "uv": [ 7.5, 8.75, 8.5, 9 ], "texture": "#iron" },
				"south": { "uv": [ 7.5, 13.25, 8.5, 15 ], "texture": "#iron" },
				"west": { "uv": [ 8.75, 13.25, 9, 15 ], "texture": "#iron" },
				"east": { "uv": [ 7, 13.25, 7.25, 15 ], "texture": "#iron" }
			}
		},
		{
			"__comment": "iron25",
			"from": [ 7.5, 1, 9 ],
			"to": [ 7.75, 2.75, 9.25 ],
			"faces": {
				"down": { "uv": [ 7.5, 6.75, 7.75, 7 ], "texture": "#iron" },
				"up": { "uv": [ 7.5, 9, 7.75, 9.25 ], "texture": "#iron" },
				"south": { "uv": [ 7.5, 13.25, 7.75, 15 ], "texture": "#iron" },
				"west": { "uv": [ 9, 13.25, 9.25, 15 ], "texture": "#iron" },
				"east": { "uv": [ 6.75, 13.25, 7, 15 ], "texture": "#iron" }
			}
		},
		{
			"__comment": "black_iron5",
			"from": [ 7.5, 2.75, 7.25 ],
			"to": [ 8.5, 3, 7.5 ],
			"faces": {
				"north": { "uv": [ 7.5, 13, 8.5, 13.25 ], "texture": "#black_iron" },
				"west": { "uv": [ 7.25, 13, 7.5, 13.25 ], "texture": "#black_iron" },
				"east": { "uv": [ 8.5, 13, 8.75, 13.25 ], "texture": "#black_iron" }
			}
		},
		{
			"__comment": "black_iron6",
			"from": [ 7.5, 2.75, 8.5 ],
			"to": [ 8.5, 3, 8.75 ],
			"faces": {
				"south": { "uv": [ 7.5, 13, 8.5, 13.25 ], "texture": "#black_iron" },
				"west": { "uv": [ 8.5, 13, 8.75, 13.25 ], "texture": "#black_iron" },
				"east": { "uv": [ 7.25, 13, 7.5, 13.25 ], "texture": "#black_iron" }
			}
		},
		{
			"__comment": "iron33",
			"from": [ 7.5, 3, 7 ],
			"to": [ 8.5, 6, 7.25 ],
			"faces": {
				"down": { "uv": [ 7.5, 8.75, 8.5, 9 ], "texture": "#iron" },
				"up": { "uv": [ 7.5, 7, 8.5, 7.25 ], "texture": "#iron" },
				"north": { "uv": [ 7.5, 10, 8.5, 13 ], "texture": "#iron" },
				"west": { "uv": [ 7, 10, 7.25, 13 ], "texture": "#iron" },
				"east": { "uv": [ 8.75, 10, 9, 13 ], "texture": "#iron" }
			}
		},
		{
			"__comment": "iron34",
			"from": [ 7.5, 3, 8.75 ],
			"to": [ 8.5, 6, 9 ],
			"faces": {
				"down": { "uv": [ 7.5, 7, 8.5, 7.25 ], "texture": "#iron" },
				"up": { "uv": [ 7.5, 8.75, 8.5, 9 ], "texture": "#iron" },
				"south": { "uv": [ 7.5, 10, 8.5, 13 ], "texture": "#iron" },
				"west": { "uv": [ 8.75, 10, 9, 13 ], "texture": "#iron" },
				"east": { "uv": [ 7, 10, 7.25, 13 ], "texture": "#iron" }
			}
		},
		{
			"__comment": "black_iron7",
			"from": [ 7.5, 6, 7.25 ],
			"to": [ 8.5, 6.25, 7.5 ],
			"faces": {
				"north": { "uv": [ 7.5, 9.75, 8.5, 10 ], "texture": "#black_iron" },
				"west": { "uv": [ 7.25, 9.75, 7.5, 10 ], "texture": "#black_iron" },
				"east": { "uv": [ 8.5, 9.75, 8.75, 10 ], "texture": "#black_iron" }
			}
		},
		{
			"__comment": "black_iron8",
			"from": [ 7.5, 6, 8.5 ],
			"to": [ 8.5, 6.25, 8.75 ],
			"faces": {
				"south": { "uv": [ 7.5, 9.75, 8.5, 10 ], "texture": "#black_iron" },
				"west": { "uv": [ 8.5, 9.75, 8.75, 10 ], "texture": "#black_iron" },
				"east": { "uv": [ 7.25, 9.75, 7.5, 10 ], "texture": "#black_iron" }
			}
		},
		{
			"__comment": "iron38",
			"from": [ 7.5, 6.25, 7 ],
			"to": [ 8.5, 8, 7.25 ],
			"faces": {
				"down": { "uv": [ 7.5, 8.75, 8.5, 9 ], "texture": "#iron" },
				"up": { "uv": [ 7.5, 7, 8.5, 7.25 ], "texture": "#iron" },
				"north": { "uv": [ 7.5, 8, 8.5, 9.75 ], "texture": "#iron" },
				"west": { "uv": [ 7, 8, 7.25, 9.75 ], "texture": "#iron" },
				"east": { "uv": [ 8.75, 8, 9, 9.75 ], "texture": "#iron" }
			}
		},
		{
			"__comment": "iron39",
			"from": [ 7.5, 6.25, 8.75 ],
			"to": [ 8.5, 8, 9 ],
			"faces": {
				"down": { "uv": [ 7.5, 7, 8.5, 7.25 ], "texture": "#iron" },
				"up": { "uv": [ 7.5, 8.75, 8.5, 9 ], "texture": "#iron" },
				"south": { "uv": [ 7.5, 8, 8.5, 9.75 ], "texture": "#iron" },
				"west": { "uv": [ 8.75, 8, 9, 9.75 ], "texture": "#iron" },
				"east": { "uv": [ 7, 8, 7.25, 9.75 ], "texture": "#iron" }
			}
		},
		{
			"__comment": "black_iron9",
			"from": [ 7.5, 8, 7.25 ],
			"to": [ 8.5, 8.25, 7.5 ],
			"faces": {
				"north": { "uv": [ 7.5, 7.75, 8.5, 8 ], "texture": "#black_iron" },
				"west": { "uv": [ 7.25, 7.75, 7.5, 8 ], "texture": "#black_iron" },
				"east": { "uv": [ 8.5, 7.75, 8.75, 8 ], "texture": "#black_iron" }
			}
		},
		{
			"__comment": "black_iron10",
			"from": [ 7.5, 8, 8.5 ],
			"to": [ 8.5, 8.25, 8.75 ],
			"faces": {
				"south": { "uv": [ 7.5, 7.75, 8.5, 8 ], "texture": "#black_iron" },
				"west": { "uv": [ 8.5, 7.75, 8.75, 8 ], "texture": "#black_iron" },
				"east": { "uv": [ 7.25, 7.75, 7.5, 8 ], "texture": "#black_iron" }
			}
		},
		{
			"__comment": "iron46",
			"from": [ 7.5, 8.25, 7 ],
			"to": [ 8.5, 10, 7.25 ],
			"faces": {
				"down": { "uv": [ 7.5, 8.75, 8.5, 9 ], "texture": "#iron" },
				"up": { "uv": [ 7.5, 7, 8.5, 7.25 ], "texture": "#iron" },
				"north": { "uv": [ 7.5, 6, 8.5, 7.75 ], "texture": "#iron" },
				"west": { "uv": [ 7, 6, 7.25, 7.75 ], "texture": "#iron" },
				"east": { "uv": [ 8.75, 6, 9, 7.75 ], "texture": "#iron" }
			}
		},
		{
			"__comment": "iron47",
			"from": [ 7.5, 8.25, 8.75 ],
			"to": [ 8.5, 10, 9 ],
			"faces": {
				"down": { "uv": [ 7.5, 7, 8.5, 7.25 ], "texture": "#iron" },
				"up": { "uv": [ 7.5, 8.75, 8.5, 9 ], "texture": "#iron" },
				"south": { "uv": [ 7.5, 6, 8.5, 7.75 ], "texture": "#iron" },
				"west": { "uv": [ 8.75, 6, 9, 7.75 ], "texture": "#iron" },
				"east": { "uv": [ 7, 6, 7.25, 7.75 ], "texture": "#iron" }
			}
		},
		{
			"__comment": "black_iron11",
			"from": [ 7.5, 10, 7.25 ],
			"to": [ 8.5, 10.25, 7.5 ],
			"faces": {
				"north": { "uv": [ 7.5, 5.75, 8.5, 6 ], "texture": "#black_iron" },
				"west": { "uv": [ 7.25, 5.75, 7.5, 6 ], "texture": "#black_iron" },
				"east": { "uv": [ 8.5, 5.75, 8.75, 6 ], "texture": "#black_iron" }
			}
		},
		{
			"__comment": "black_iron12",
			"from": [ 7.5, 10, 8.5 ],
			"to": [ 8.5, 10.25, 8.75 ],
			"faces": {
				"south": { "uv": [ 7.5, 5.75, 8.5, 6 ], "texture": "#black_iron" },
				"west": { "uv": [ 8.5, 5.75, 8.75, 6 ], "texture": "#black_iron" },
				"east": { "uv": [ 7.25, 5.75, 7.5, 6 ], "texture": "#black_iron" }
			}
		},
		{
			"__comment": "iron51",
			"from": [ 7.5, 10.25, 7 ],
			"to": [ 8.5, 13.25, 7.25 ],
			"faces": {
				"down": { "uv": [ 7.5, 8.75, 8.5, 9 ], "texture": "#iron" },
				"up": { "uv": [ 7.5, 7, 8.5, 7.25 ], "texture": "#iron" },
				"north": { "uv": [ 7.5, 2.75, 8.5, 5.75 ], "texture": "#iron" },
				"west": { "uv": [ 7, 2.75, 7.25, 5.75 ], "texture": "#iron" },
				"east": { "uv": [ 8.75, 2.75, 9, 5.75 ], "texture": "#iron" }
			}
		},
		{
			"__comment": "iron52",
			"from": [ 7.5, 10.25, 8.75 ],
			"to": [ 8.5, 13.25, 9 ],
			"faces": {
				"down": { "uv": [ 7.5, 7, 8.5, 7.25 ], "texture": "#iron" },
				"up": { "uv": [ 7.5, 8.75, 8.5, 9 ], "texture": "#iron" },
				"south": { "uv": [ 7.5, 2.75, 8.5, 5.75 ], "texture": "#iron" },
				"west": { "uv": [ 8.75, 2.75, 9, 5.75 ], "texture": "#iron" },
				"east": { "uv": [ 7, 2.75, 7.25, 5.75 ], "texture": "#iron" }
			}
		},
		{
			"__comment": "black_iron13",
			"from": [ 7.5, 13.25, 7.25 ],
			"to": [ 8.5, 13.5, 7.5 ],
			"faces": {
				"north": { "uv": [ 7.5, 2.5, 8.5, 2.75 ], "texture": "#black_iron" },
				"west": { "uv": [ 7.25, 2.5, 7.5, 2.75 ], "texture": "#black_iron" },
				"east": { "uv": [ 8.5, 2.5, 8.75, 2.75 ], "texture": "#black_iron" }
			}
		},
		{
			"__comment": "black_iron14",
			"from": [ 7.5, 13.25, 8.5 ],
			"to": [ 8.5, 13.5, 8.75 ],
			"faces": {
				"south": { "uv": [ 7.5, 2.5, 8.5, 2.75 ], "texture": "#black_iron" },
				"west": { "uv": [ 8.5, 2.5, 8.75, 2.75 ], "texture": "#black_iron" },
				"east": { "uv": [ 7.25, 2.5, 7.5, 2.75 ], "texture": "#black_iron" }
			}
		},
		{
			"__comment": "iron58",
			"from": [ 7.5, 13.5, 6.75 ],
			"to": [ 7.75, 15.25, 7 ],
			"faces": {
				"down": { "uv": [ 7.5, 9, 7.75, 9.25 ], "texture": "#iron" },
				"up": { "uv": [ 7.5, 6.75, 7.75, 7 ], "texture": "#iron" },
				"north": { "uv": [ 8.25, 0.75, 8.5, 2.5 ], "texture": "#iron" },
				"west": { "uv": [ 6.75, 0.75, 7, 2.5 ], "texture": "#iron" },
				"east": { "uv": [ 9, 0.75, 9.25, 2.5 ], "texture": "#iron" }
			}
		},
		{
			"__comment": "iron59",
			"from": [ 7.5, 13.5, 7 ],
			"to": [ 8.5, 15.25, 7.25 ],
			"faces": {
				"down": { "uv": [ 7.5, 8.75, 8.5, 9 ], "texture": "#iron" },
				"north": { "uv": [ 7.5, 0.75, 8.5, 2.5 ], "texture": "#iron" },
				"west": { "uv": [ 7, 0.75, 7.25, 2.5 ], "texture": "#iron" },
				"east": { "uv": [ 8.75, 0.75, 9, 2.5 ], "texture": "#iron" }
			}
		},
		{
			"__comment": "iron60",
			"from": [ 7.5, 13.5, 8.75 ],
			"to": [ 8.5, 15.25, 9 ],
			"faces": {
				"down": { "uv": [ 7.5, 7, 8.5, 7.25 ], "texture": "#iron" },
				"south": { "uv": [ 7.5, 0.75, 8.5, 2.5 ], "texture": "#iron" },
				"west": { "uv": [ 8.75, 0.75, 9, 2.5 ], "texture": "#iron" },
				"east": { "uv": [ 7, 0.75, 7.25, 2.5 ], "texture": "#iron" }
			}
		},
		{
			"__comment": "iron61",
			"from": [ 7.5, 13.5, 9 ],
			"to": [ 7.75, 15.25, 9.25 ],
			"faces": {
				"down": { "uv": [ 7.5, 6.75, 7.75, 7 ], "texture": "#iron" },
				"up": { "uv": [ 7.5, 9, 7.75, 9.25 ], "texture": "#iron" },
				"south": { "uv": [ 7.5, 0.75, 7.75, 2.5 ], "texture": "#iron" },
				"west": { "uv": [ 9, 0.75, 9.25, 2.5 ], "texture": "#iron" },
				"east": { "uv": [ 6.75, 0.75, 7, 2.5 ], "texture": "#iron" }
			}
		},
		{
			"__comment": "iron69",
			"from": [ 7.5, 15.25, 7 ],
			"to": [ 8.5, 15.75, 7.25 ],
			"faces": {
				"north": { "uv": [ 7.5, 0.25, 8.5, 0.75 ], "texture": "#iron" },
				"west": { "uv": [ 7, 0.25, 7.25, 0.75 ], "texture": "#iron" },
				"east": { "uv": [ 8.75, 0.25, 9, 0.75 ], "texture": "#iron" }
			}
		},
		{
			"__comment": "iron70",
			"from": [ 7.5, 15.25, 8.75 ],
			"to": [ 8.5, 15.75, 9 ],
			"faces": {
				"south": { "uv": [ 7.5, 0.25, 8.5, 0.75 ], "texture": "#iron" },
				"west": { "uv": [ 8.75, 0.25, 9, 0.75 ], "texture": "#iron" },
				"east": { "uv": [ 7, 0.25, 7.25, 0.75 ], "texture": "#iron" }
			}
		},
		{
			"__comment": "iron76",
			"from": [ 7.5, 15.75, 6.75 ],
			"to": [ 8.5, 16, 7 ],
			"faces": {
				"down": { "uv": [ 7.5, 9, 8.5, 9.25 ], "texture": "#iron" },
				"up": { "uv": [ 7.5, 6.75, 8.5, 7 ], "texture": "#iron" },
				"north": { "uv": [ 7.5, 0, 8.5, 0.25 ], "texture": "#iron" },
				"west": { "uv": [ 6.75, 0, 7, 0.25 ], "texture": "#iron" },
				"east": { "uv": [ 9, 0, 9.25, 0.25 ], "texture": "#iron" }
			}
		},
		{
			"__comment": "iron77",
			"from": [ 7.5, 15.75, 9 ],
			"to": [ 8.5, 16, 9.25 ],
			"faces": {
				"down": { "uv": [ 7.5, 6.75, 8.5, 7 ], "texture": "#iron" },
				"up": { "uv": [ 7.5, 9, 8.5, 9.25 ], "texture": "#iron" },
				"south": { "uv": [ 7.5, 0, 8.5, 0.25 ], "texture": "#iron" },
				"west": { "uv": [ 9, 0, 9.25, 0.25 ], "texture": "#iron" },
				"east": { "uv": [ 6.75, 0, 7, 0.25 ], "texture": "#iron" }
			}
		},
		{
			"__comment": "iron4",
			"from": [ 7.5, 16, 7.5 ],
			"to": [ 7.75, 16.25, 7.75 ],
			"faces": {
				"up": { "uv": [ 7.5, 7.5, 7.75, 7.75 ], "texture": "#iron" },
				"north": { "uv": [ 8.25, 15.75, 8.5, 16 ], "texture": "#iron" },
				"west": { "uv": [ 7.5, 15.75, 7.75, 16 ], "texture": "#iron" }
			}
		},
		{
			"__comment": "iron6",
			"from": [ 7.5, 16, 8.25 ],
			"to": [ 7.75, 16.25, 8.5 ],
			"faces": {
				"up": { "uv": [ 7.5, 8.25, 7.75, 8.5 ], "texture": "#iron" },
				"south": { "uv": [ 7.5, 15.75, 7.75, 16 ], "texture": "#iron" },
				"west": { "uv": [ 8.25, 15.75, 8.5, 16 ], "texture": "#iron" }
			}
		},
		{
			"__comment": "iron26",
			"from": [ 7.75, 0, 7.25 ],
			"to": [ 8.25, 0.25, 7.5 ],
			"faces": {
				"down": { "uv": [ 7.75, 8.5, 8.25, 8.75 ], "texture": "#iron" },
				"north": { "uv": [ 7.75, 15.75, 8.25, 16 ], "texture": "#iron" },
				"west": { "uv": [ 7.25, 15.75, 7.5, 16 ], "texture": "#iron" },
				"east": { "uv": [ 8.5, 15.75, 8.75, 16 ], "texture": "#iron" }
			}
		},
		{
			"__comment": "iron",
			"from": [ 7.75, 0, 8.5 ],
			"to": [ 8.25, 0.25, 8.75 ],
			"faces": {
				"down": { "uv": [ 7.75, 7.25, 8.25, 7.5 ], "texture": "#iron" },
				"south": { "uv": [ 7.75, 15.75, 8.25, 16 ], "texture": "#iron" },
				"west": { "uv": [ 8.5, 15.75, 8.75, 16 ], "texture": "#iron" },
				"east": { "uv": [ 7.25, 15.75, 7.5, 16 ], "texture": "#iron" }
			}
		},
		{
			"__comment": "red3",
			"from": [ 7.75, 3.25, 9 ],
			"to": [ 8, 3.5, 9.25 ],
			"faces": {
				"down": { "uv": [ 7.75, 6.75, 8, 7 ], "texture": "#red" },
				"up": { "uv": [ 7.75, 9, 8, 9.25 ], "texture": "#red" },
				"south": { "uv": [ 7.75, 12.5, 8, 12.75 ], "texture": "#red" },
				"west": { "uv": [ 9, 12.5, 9.25, 12.75 ], "texture": "#red" },
				"east": { "uv": [ 6.75, 12.5, 7, 12.75 ], "texture": "#red" }
			}
		},
		{
			"__comment": "iron3",
			"from": [ 7.75, 4.25, 9 ],
			"to": [ 8, 4.5, 9.25 ],
			"faces": {
				"down": { "uv": [ 7.75, 6.75, 8, 7 ], "texture": "#iron" },
				"up": { "uv": [ 7.75, 9, 8, 9.25 ], "texture": "#iron" },
				"south": { "uv": [ 7.75, 11.5, 8, 11.75 ], "texture": "#iron" },
				"west": { "uv": [ 9, 11.5, 9.25, 11.75 ], "texture": "#iron" },
				"east": { "uv": [ 6.75, 11.5, 7, 11.75 ], "texture": "#iron" }
			}
		},
		{
			"__comment": "red2",
			"from": [ 7.75, 6.5, 9 ],
			"to": [ 8, 6.75, 9.25 ],
			"faces": {
				"down": { "uv": [ 7.75, 6.75, 8, 7 ], "texture": "#red" },
				"up": { "uv": [ 7.75, 9, 8, 9.25 ], "texture": "#red" },
				"south": { "uv": [ 7.75, 9.25, 8, 9.5 ], "texture": "#red" },
				"west": { "uv": [ 9, 9.25, 9.25, 9.5 ], "texture": "#red" },
				"east": { "uv": [ 6.75, 9.25, 7, 9.5 ], "texture": "#red" }
			}
		},
		{
			"__comment": "iron2",
			"from": [ 7.75, 7.5, 9 ],
			"to": [ 8, 7.75, 9.25 ],
			"faces": {
				"down": { "uv": [ 7.75, 6.75, 8, 7 ], "texture": "#iron" },
				"up": { "uv": [ 7.75, 9, 8, 9.25 ], "texture": "#iron" },
				"south": { "uv": [ 7.75, 8.25, 8, 8.5 ], "texture": "#iron" },
				"west": { "uv": [ 9, 8.25, 9.25, 8.5 ], "texture": "#iron" },
				"east": { "uv": [ 6.75, 8.25, 7, 8.5 ], "texture": "#iron" }
			}
		},
		{
			"__comment": "iron1",
			"from": [ 7.75, 8.5, 9 ],
			"to": [ 8, 8.75, 9.25 ],
			"faces": {
				"down": { "uv": [ 7.75, 6.75, 8, 7 ], "texture": "#iron" },
				"up": { "uv": [ 7.75, 9, 8, 9.25 ], "texture": "#iron" },
				"south": { "uv": [ 7.75, 7.25, 8, 7.5 ], "texture": "#iron" },
				"west": { "uv": [ 9, 7.25, 9.25, 7.5 ], "texture": "#iron" },
				"east": { "uv": [ 6.75, 7.25, 7, 7.5 ], "texture": "#iron" }
			}
		},
		{
			"__comment": "red1",
			"from": [ 7.75, 9.5, 9 ],
			"to": [ 8, 9.75, 9.25 ],
			"faces": {
				"down": { "uv": [ 7.75, 6.75, 8, 7 ], "texture": "#red" },
				"up": { "uv": [ 7.75, 9, 8, 9.25 ], "texture": "#red" },
				"south": { "uv": [ 7.75, 6.25, 8, 6.5 ], "texture": "#red" },
				"west": { "uv": [ 9, 6.25, 9.25, 6.5 ], "texture": "#red" },
				"east": { "uv": [ 6.75, 6.25, 7, 6.5 ], "texture": "#red" }
			}
		},
		{
			"__comment": "iron",
			"from": [ 7.75, 11.75, 9 ],
			"to": [ 8, 12, 9.25 ],
			"faces": {
				"down": { "uv": [ 7.75, 6.75, 8, 7 ], "texture": "#iron" },
				"up": { "uv": [ 7.75, 9, 8, 9.25 ], "texture": "#iron" },
				"south": { "uv": [ 7.75, 4, 8, 4.25 ], "texture": "#iron" },
				"west": { "uv": [ 9, 4, 9.25, 4.25 ], "texture": "#iron" },
				"east": { "uv": [ 6.75, 4, 7, 4.25 ], "texture": "#iron" }
			}
		},
		{
			"__comment": "red",
			"from": [ 7.75, 12.75, 9 ],
			"to": [ 8, 13, 9.25 ],
			"faces": {
				"down": { "uv": [ 7.75, 6.75, 8, 7 ], "texture": "#red" },
				"up": { "uv": [ 7.75, 9, 8, 9.25 ], "texture": "#red" },
				"south": { "uv": [ 7.75, 3, 8, 3.25 ], "texture": "#red" },
				"west": { "uv": [ 9, 3, 9.25, 3.25 ], "texture": "#red" },
				"east": { "uv": [ 6.75, 3, 7, 3.25 ], "texture": "#red" }
			}
		},
		{
			"__comment": "iron",
			"from": [ 7.75, 16, 7.25 ],
			"to": [ 8.25, 16.25, 7.5 ],
			"faces": {
				"up": { "uv": [ 7.75, 7.25, 8.25, 7.5 ], "texture": "#iron" },
				"north": { "uv": [ 7.75, 15.75, 8.25, 16 ], "texture": "#iron" },
				"west": { "uv": [ 7.25, 15.75, 7.5, 16 ], "texture": "#iron" },
				"east": { "uv": [ 8.5, 15.75, 8.75, 16 ], "texture": "#iron" }
			}
		},
		{
			"__comment": "iron7",
			"from": [ 7.75, 16, 8.5 ],
			"to": [ 8.25, 16.25, 8.75 ],
			"faces": {
				"up": { "uv": [ 7.75, 8.5, 8.25, 8.75 ], "texture": "#iron" },
				"south": { "uv": [ 7.75, 15.75, 8.25, 16 ], "texture": "#iron" },
				"west": { "uv": [ 8.5, 15.75, 8.75, 16 ], "texture": "#iron" },
				"east": { "uv": [ 7.25, 15.75, 7.5, 16 ], "texture": "#iron" }
			}
		},
		{
			"__comment": "red7",
			"from": [ 8, 3.25, 6.75 ],
			"to": [ 8.25, 3.5, 7 ],
			"faces": {
				"down": { "uv": [ 8, 9, 8.25, 9.25 ], "texture": "#red" },
				"up": { "uv": [ 8, 6.75, 8.25, 7 ], "texture": "#red" },
				"north": { "uv": [ 7.75, 12.5, 8, 12.75 ], "texture": "#red" },
				"west": { "uv": [ 6.75, 12.5, 7, 12.75 ], "texture": "#red" },
				"east": { "uv": [ 9, 12.5, 9.25, 12.75 ], "texture": "#red" }
			}
		},
		{
			"__comment": "iron11",
			"from": [ 8, 4.25, 6.75 ],
			"to": [ 8.25, 4.5, 7 ],
			"faces": {
				"down": { "uv": [ 8, 9, 8.25, 9.25 ], "texture": "#iron" },
				"up": { "uv": [ 8, 6.75, 8.25, 7 ], "texture": "#iron" },
				"north": { "uv": [ 7.75, 11.5, 8, 11.75 ], "texture": "#iron" },
				"west": { "uv": [ 6.75, 11.5, 7, 11.75 ], "texture": "#iron" },
				"east": { "uv": [ 9, 11.5, 9.25, 11.75 ], "texture": "#iron" }
			}
		},
		{
			"__comment": "red6",
			"from": [ 8, 6.5, 6.75 ],
			"to": [ 8.25, 6.75, 7 ],
			"faces": {
				"down": { "uv": [ 8, 9, 8.25, 9.25 ], "texture": "#red" },
				"up": { "uv": [ 8, 6.75, 8.25, 7 ], "texture": "#red" },
				"north": { "uv": [ 7.75, 9.25, 8, 9.5 ], "texture": "#red" },
				"west": { "uv": [ 6.75, 9.25, 7, 9.5 ], "texture": "#red" },
				"east": { "uv": [ 9, 9.25, 9.25, 9.5 ], "texture": "#red" }
			}
		},
		{
			"__comment": "iron10",
			"from": [ 8, 7.5, 6.75 ],
			"to": [ 8.25, 7.75, 7 ],
			"faces": {
				"down": { "uv": [ 8, 9, 8.25, 9.25 ], "texture": "#iron" },
				"up": { "uv": [ 8, 6.75, 8.25, 7 ], "texture": "#iron" },
				"north": { "uv": [ 7.75, 8.25, 8, 8.5 ], "texture": "#iron" },
				"west": { "uv": [ 6.75, 8.25, 7, 8.5 ], "texture": "#iron" },
				"east": { "uv": [ 9, 8.25, 9.25, 8.5 ], "texture": "#iron" }
			}
		},
		{
			"__comment": "iron9",
			"from": [ 8, 8.5, 6.75 ],
			"to": [ 8.25, 8.75, 7 ],
			"faces": {
				"down": { "uv": [ 8, 9, 8.25, 9.25 ], "texture": "#iron" },
				"up": { "uv": [ 8, 6.75, 8.25, 7 ], "texture": "#iron" },
				"north": { "uv": [ 7.75, 7.25, 8, 7.5 ], "texture": "#iron" },
				"west": { "uv": [ 6.75, 7.25, 7, 7.5 ], "texture": "#iron" },
				"east": { "uv": [ 9, 7.25, 9.25, 7.5 ], "texture": "#iron" }
			}
		},
		{
			"__comment": "red5",
			"from": [ 8, 9.5, 6.75 ],
			"to": [ 8.25, 9.75, 7 ],
			"faces": {
				"down": { "uv": [ 8, 9, 8.25, 9.25 ], "texture": "#red" },
				"up": { "uv": [ 8, 6.75, 8.25, 7 ], "texture": "#red" },
				"north": { "uv": [ 7.75, 6.25, 8, 6.5 ], "texture": "#red" },
				"west": { "uv": [ 6.75, 6.25, 7, 6.5 ], "texture": "#red" },
				"east": { "uv": [ 9, 6.25, 9.25, 6.5 ], "texture": "#red" }
			}
		},
		{
			"__comment": "iron8",
			"from": [ 8, 11.75, 6.75 ],
			"to": [ 8.25, 12, 7 ],
			"faces": {
				"down": { "uv": [ 8, 9, 8.25, 9.25 ], "texture": "#iron" },
				"up": { "uv": [ 8, 6.75, 8.25, 7 ], "texture": "#iron" },
				"north": { "uv": [ 7.75, 4, 8, 4.25 ], "texture": "#iron" },
				"west": { "uv": [ 6.75, 4, 7, 4.25 ], "texture": "#iron" },
				"east": { "uv": [ 9, 4, 9.25, 4.25 ], "texture": "#iron" }
			}
		},
		{
			"__comment": "red4",
			"from": [ 8, 12.75, 6.75 ],
			"to": [ 8.25, 13, 7 ],
			"faces": {
				"down": { "uv": [ 8, 9, 8.25, 9.25 ], "texture": "#red" },
				"up": { "uv": [ 8, 6.75, 8.25, 7 ], "texture": "#red" },
				"north": { "uv": [ 7.75, 3, 8, 3.25 ], "texture": "#red" },
				"west": { "uv": [ 6.75, 3, 7, 3.25 ], "texture": "#red" },
				"east": { "uv": [ 9, 3, 9.25, 3.25 ], "texture": "#red" }
			}
		},
		{
			"__comment": "iron12",
			"from": [ 8.25, 0, 7.5 ],
			"to": [ 8.5, 0.25, 7.75 ],
			"faces": {
				"down": { "uv": [ 8.25, 8.25, 8.5, 8.5 ], "texture": "#iron" },
				"north": { "uv": [ 7.5, 15.75, 7.75, 16 ], "texture": "#iron" },
				"east": { "uv": [ 8.25, 15.75, 8.5, 16 ], "texture": "#iron" }
			}
		},
		{
			"__comment": "iron5",
			"from": [ 8.25, 0, 8.25 ],
			"to": [ 8.5, 0.25, 8.5 ],
			"faces": {
				"down": { "uv": [ 8.25, 7.5, 8.5, 7.75 ], "texture": "#iron" },
				"south": { "uv": [ 8.25, 15.75, 8.5, 16 ], "texture": "#iron" },
				"east": { "uv": [ 7.5, 15.75, 7.75, 16 ], "texture": "#iron" }
			}
		},
		{
			"__comment": "iron42",
			"from": [ 8.25, 1, 6.75 ],
			"to": [ 8.5, 2.75, 7 ],
			"faces": {
				"down": { "uv": [ 8.25, 9, 8.5, 9.25 ], "texture": "#iron" },
				"up": { "uv": [ 8.25, 6.75, 8.5, 7 ], "texture": "#iron" },
				"north": { "uv": [ 7.5, 13.25, 7.75, 15 ], "texture": "#iron" },
				"west": { "uv": [ 6.75, 13.25, 7, 15 ], "texture": "#iron" },
				"east": { "uv": [ 9, 13.25, 9.25, 15 ], "texture": "#iron" }
			}
		},
		{
			"__comment": "iron27",
			"from": [ 8.25, 1, 9 ],
			"to": [ 8.5, 2.75, 9.25 ],
			"faces": {
				"down": { "uv": [ 8.25, 6.75, 8.5, 7 ], "texture": "#iron" },
				"up": { "uv": [ 8.25, 9, 8.5, 9.25 ], "texture": "#iron" },
				"south": { "uv": [ 8.25, 13.25, 8.5, 15 ], "texture": "#iron" },
				"west": { "uv": [ 9, 13.25, 9.25, 15 ], "texture": "#iron" },
				"east": { "uv": [ 6.75, 13.25, 7, 15 ], "texture": "#iron" }
			}
		},
		{
			"__comment": "iron62",
			"from": [ 8.25, 13.5, 6.75 ],
			"to": [ 8.5, 15.25, 7 ],
			"faces": {
				"down": { "uv": [ 8.25, 9, 8.5, 9.25 ], "texture": "#iron" },
				"up": { "uv": [ 8.25, 6.75, 8.5, 7 ], "texture": "#iron" },
				"north": { "uv": [ 7.5, 0.75, 7.75, 2.5 ], "texture": "#iron" },
				"west": { "uv": [ 6.75, 0.75, 7, 2.5 ], "texture": "#iron" },
				"east": { "uv": [ 9, 0.75, 9.25, 2.5 ], "texture": "#iron" }
			}
		},
		{
			"__comment": "iron63",
			"from": [ 8.25, 13.5, 9 ],
			"to": [ 8.5, 15.25, 9.25 ],
			"faces": {
				"down": { "uv": [ 8.25, 6.75, 8.5, 7 ], "texture": "#iron" },
				"up": { "uv": [ 8.25, 9, 8.5, 9.25 ], "texture": "#iron" },
				"south": { "uv": [ 8.25, 0.75, 8.5, 2.5 ], "texture": "#iron" },
				"west": { "uv": [ 9, 0.75, 9.25, 2.5 ], "texture": "#iron" },
				"east": { "uv": [ 6.75, 0.75, 7, 2.5 ], "texture": "#iron" }
			}
		},
		{
			"__comment": "iron1",
			"from": [ 8.25, 16, 7.5 ],
			"to": [ 8.5, 16.25, 7.75 ],
			"faces": {
				"up": { "uv": [ 8.25, 7.5, 8.5, 7.75 ], "texture": "#iron" },
				"north": { "uv": [ 7.5, 15.75, 7.75, 16 ], "texture": "#iron" },
				"east": { "uv": [ 8.25, 15.75, 8.5, 16 ], "texture": "#iron" }
			}
		},
		{
			"__comment": "iron3",
			"from": [ 8.25, 16, 8.25 ],
			"to": [ 8.5, 16.25, 8.5 ],
			"faces": {
				"up": { "uv": [ 8.25, 8.25, 8.5, 8.5 ], "texture": "#iron" },
				"south": { "uv": [ 8.25, 15.75, 8.5, 16 ], "texture": "#iron" },
				"east": { "uv": [ 7.5, 15.75, 7.75, 16 ], "texture": "#iron" }
			}
		},
		{
			"__comment": "iron13",
			"from": [ 8.5, 0, 7.75 ],
			"to": [ 8.75, 0.25, 8.25 ],
			"faces": {
				"down": { "uv": [ 8.5, 7.75, 8.75, 8.25 ], "texture": "#iron" },
				"north": { "uv": [ 7.25, 15.75, 7.5, 16 ], "texture": "#iron" },
				"south": { "uv": [ 8.5, 15.75, 8.75, 16 ], "texture": "#iron" },
				"east": { "uv": [ 7.75, 15.75, 8.25, 16 ], "texture": "#iron" }
			}
		},
		{
			"__comment": "iron2",
			"from": [ 8.5, 16, 7.75 ],
			"to": [ 8.75, 16.25, 8.25 ],
			"faces": {
				"up": { "uv": [ 8.5, 7.75, 8.75, 8.25 ], "texture": "#iron" },
				"north": { "uv": [ 7.25, 15.75, 7.5, 16 ], "texture": "#iron" },
				"south": { "uv": [ 8.5, 15.75, 8.75, 16 ], "texture": "#iron" },
				"east": { "uv": [ 7.75, 15.75, 8.25, 16 ], "texture": "#iron" }
			}
		},
		{
			"__comment": "iron28",
			"from": [ 9, 1, 7.5 ],
			"to": [ 9.25, 2.75, 7.75 ],
			"faces": {
				"down": { "uv": [ 9, 8.25, 9.25, 8.5 ], "texture": "#iron" },
				"up": { "uv": [ 9, 7.5, 9.25, 7.75 ], "texture": "#iron" },
				"north": { "uv": [ 6.75, 13.25, 7, 15 ], "texture": "#iron" },
				"south": { "uv": [ 9, 13.25, 9.25, 15 ], "texture": "#iron" },
				"east": { "uv": [ 8.25, 13.25, 8.5, 15 ], "texture": "#iron" }
			}
		},
		{
			"__comment": "iron29",
			"from": [ 9, 1, 8.25 ],
			"to": [ 9.25, 2.75, 8.5 ],
			"faces": {
				"down": { "uv": [ 9, 7.5, 9.25, 7.75 ], "texture": "#iron" },
				"up": { "uv": [ 9, 8.25, 9.25, 8.5 ], "texture": "#iron" },
				"north": { "uv": [ 6.75, 13.25, 7, 15 ], "texture": "#iron" },
				"south": { "uv": [ 9, 13.25, 9.25, 15 ], "texture": "#iron" },
				"east": { "uv": [ 7.5, 13.25, 7.75, 15 ], "texture": "#iron" }
			}
		},
		{
			"__comment": "iron64",
			"from": [ 9, 13.5, 7.5 ],
			"to": [ 9.25, 15.25, 7.75 ],
			"faces": {
				"down": { "uv": [ 9, 8.25, 9.25, 8.5 ], "texture": "#iron" },
				"up": { "uv": [ 9, 7.5, 9.25, 7.75 ], "texture": "#iron" },
				"north": { "uv": [ 6.75, 0.75, 7, 2.5 ], "texture": "#iron" },
				"south": { "uv": [ 9, 0.75, 9.25, 2.5 ], "texture": "#iron" },
				"east": { "uv": [ 8.25, 0.75, 8.5, 2.5 ], "texture": "#iron" }
			}
		},
		{
			"__comment": "iron65",
			"from": [ 9, 13.5, 8.25 ],
			"to": [ 9.25, 15.25, 8.5 ],
			"faces": {
				"down": { "uv": [ 9, 7.5, 9.25, 7.75 ], "texture": "#iron" },
				"up": { "uv": [ 9, 8.25, 9.25, 8.5 ], "texture": "#iron" },
				"north": { "uv": [ 6.75, 0.75, 7, 2.5 ], "texture": "#iron" },
				"south": { "uv": [ 9, 0.75, 9.25, 2.5 ], "texture": "#iron" },
				"east": { "uv": [ 7.5, 0.75, 7.75, 2.5 ], "texture": "#iron" }
			}
		},
		{
			"__comment": "Voxels-DE0000",
			"from": [ 7.5, -15.5, 7.75 ],
			"to": [ 7.75, 0.25, 8.25 ],
			"faces": {
				"down": { "uv": [ 7.5, 7.75, 7.75, 8.25 ], "texture": "#laser" },
				"north": { "uv": [ 8.25, 15.75, 8.5, 16 ], "texture": "#laser" },
				"south": { "uv": [ 7.5, 15.75, 7.75, 16 ], "texture": "#laser" },
				"west": { "uv": [ 7.75, 15.75, 8.25, 16 ], "texture": "#laser" }
			}
		},
		{
			"__comment": "Voxels-DE0000",
			"from": [ 7.5, 16, 7.75 ],
			"to": [ 7.75, 31.75, 8.25 ],
			"faces": {
				"up": { "uv": [ 7.5, 7.75, 7.75, 8.25 ], "texture": "#laser" },
				"north": { "uv": [ 8.25, 0.25, 8.5, 16 ], "texture": "#laser" },
				"south": { "uv": [ 7.5, 0.25, 7.75, 16 ], "texture": "#laser" },
				"west": { "uv": [ 7.75, 0.25, 8.25, 16 ], "texture": "#laser" }
			}
		},
		{
			"__comment": "Voxels-DE0000",
			"from": [ 7.75, -15.5, 7.5 ],
			"to": [ 8.25, 0.25, 7.75 ],
			"faces": {
				"down": { "uv": [ 7.75, 8.25, 8.25, 8.5 ], "texture": "#laser" },
				"north": { "uv": [ 7.75, 15.75, 8.25, 16 ], "texture": "#laser" },
				"west": { "uv": [ 7.5, 15.75, 7.75, 16 ], "texture": "#laser" },
				"east": { "uv": [ 8.25, 15.75, 8.5, 16 ], "texture": "#laser" }
			}
		},
		{
			"__comment": "Voxels-DE0000",
			"from": [ 7.75, -15.5, 8.25 ],
			"to": [ 8.25, 0.25, 8.5 ],
			"faces": {
				"down": { "uv": [ 7.75, 7.5, 8.25, 7.75 ], "texture": "#laser" },
				"south": { "uv": [ 7.75, 15.75, 8.25, 16 ], "texture": "#laser" },
				"west": { "uv": [ 8.25, 15.75, 8.5, 16 ], "texture": "#laser" },
				"east": { "uv": [ 7.5, 15.75, 7.75, 16 ], "texture": "#laser" }
			}
		},
		{
			"__comment": "Voxels-DE0000",
			"from": [ 7.75, 16, 7.5 ],
			"to": [ 8.25, 31.75, 7.75 ],
			"faces": {
				"up": { "uv": [ 7.75, 7.5, 8.25, 7.75 ], "texture": "#laser" },
				"north": { "uv": [ 7.75, 0.25, 8.25, 16 ], "texture": "#laser" },
				"west": { "uv": [ 7.5, 0.25, 7.75, 16 ], "texture": "#laser" },
				"east": { "uv": [ 8.25, 0.25, 8.5, 16 ], "texture": "#laser" }
			}
		},
		{
			"__comment": "Voxels-DE0000",
			"from": [ 7.75, 16, 8.25 ],
			"to": [ 8.25, 31.75, 8.5 ],
			"faces": {
				"up": { "uv": [ 7.75, 8.25, 8.25, 8.5 ], "texture": "#laser" },
				"south": { "uv": [ 7.75, 0.25, 8.25, 16 ], "texture": "#laser" },
				"west": { "uv": [ 8.25, 0.25, 8.5, 16 ], "texture": "#laser" },
				"east": { "uv": [ 7.5, 0.25, 7.75, 16 ], "texture": "#laser" }
			}
		},
		{
			"__comment": "Voxels-DE0000",
			"from": [ 8.25, 16, 7.75 ],
			"to": [ 8.5, 31.75, 8.25 ],
			"faces": {
				"up": { "uv": [ 8.25, 7.75, 8.5, 8.25 ], "texture": "#laser" },
				"north": { "uv": [ 7.5, 0.25, 7.75, 16 ], "texture": "#laser" },
				"south": { "uv": [ 8.25, 0.25, 8.5, 16 ], "texture": "#laser" },
				"east": { "uv": [ 7.75, 0.25, 8.25, 16 ], "texture": "#laser" }
			}
		},
		{
			"__comment": "Voxels-DE0000",
			"from": [ 7.75, 16, 7.75 ],
			"to": [ 8.25, 32, 8.25 ],
			"faces": {
				"up": { "uv": [ 7.75, 7.75, 8.25, 8.25 ], "texture": "#laser" },
				"north": { "uv": [ 7.75, 0, 8.25, 16 ], "texture": "#laser" },
				"south": { "uv": [ 7.75, 0, 8.25, 16 ], "texture": "#laser" },
				"west": { "uv": [ 7.75, 0, 8.25, 16 ], "texture": "#laser" },
				"east": { "uv": [ 7.75, 0, 8.25, 16 ], "texture": "#laser" }
			}
		},
		{
			"__comment": "Voxels-DE0000",
			"from": [ 8.25, -15.5, 7.75 ],
			"to": [ 8.5, 0.25, 8.25 ],
			"faces": {
				"down": { "uv": [ 8.25, 7.75, 8.5, 8.25 ], "texture": "#laser" },
				"north": { "uv": [ 7.5, 15.75, 7.75, 16 ], "texture": "#laser" },
				"south": { "uv": [ 8.25, 15.75, 8.5, 16 ], "texture": "#laser" },
				"east": { "uv": [ 7.75, 15.75, 8.25, 16 ], "texture": "#laser" }
			}
		},
		{
			"__comment": "Voxels-DE0000",
			"from": [ 7.75, -15.75, 7.75 ],
			"to": [ 8.25, 0, 8.25 ],
			"faces": {
				"down": { "uv": [ 7.75, 7.75, 8.25, 8.25 ], "texture": "#laser" },
				"north": { "uv": [ 7.75, 0, 8.25, 15.75 ], "texture": "#laser" },
				"south": { "uv": [ 7.75, 0, 8.25, 15.75 ], "texture": "#laser" },
				"west": { "uv": [ 7.75, 0, 8.25, 15.75 ], "texture": "#laser" },
				"east": { "uv": [ 7.75, 0, 8.25, 15.75 ], "texture": "#laser" }
			}
		}
	],
	"display": {
		"thirdperson": {
			"translation":  [ 0, 1, 0 ],
			"rotation":  [ 90, 180, 2 ],
			"scale":  [ 0.7, 0.7, 0.7 ]
		},
		"firstperson": {
			"rotation":  [ 2, -40, 2 ],
			"translation":  [ 0, 0, 0 ],
			"scale":  [ 1.5, 2, 1.5 ]
		},
		"gui": {
			"rotation":  [ -10, 0, 66 ],
			"translation":  [ -1.5, -1, 1 ],
			"scale":  [ 1.5, 0.7, 1.5 ]
		},
		"ground": {
			"translation":  [ 0, 4, 0 ],
			"scale":  [ 1, 1, 1 ]
		},
		"fixed": {
			"rotation":  [ 0, 90, 0 ],
			"translation":  [ 0, 0, 0.6956 ],
			"scale":  [ 0.8, 0.8, 0.8 ]
		}
	}
}