{
	"__comment": "Designed by CreatorLabs with Cubik Studio - https://cubik.studio - Download 3D CreatorCraft at https://www.planetminecraft.com/texture_pack/3d-creatorcraft/",
	"textures": {
		"black_iron": "creatorlabs/lightsabers/kylo/black_iron",
		"laser": "creatorlabs/lightsabers/kylo/laser_red",
		"iron": "creatorlabs/lightsabers/kylo/iron",
		"red": "creatorlabs/lightsabers/kylo/red",
		"gold": "creatorlabs/lightsabers/kylo/gold"
	},
	"elements": [ 	 
		{
			"__comment": "black_iron",
			"from": [ 4, -5.75, 7.25 ],
			"to": [ 12, -5.5, 7.75 ],
			"faces": {
				"down": { "uv": [ 4, 8.25, 12, 8.75 ], "texture": "#black_iron" },
				"up": { "uv": [ 4, 7.25, 12, 7.75 ], "texture": "#black_iron" },
				"north": { "uv": [ 4, 5.5, 12, 5.75 ], "texture": "#black_iron" },
				"south": { "uv": [ 4, 5.5, 12, 5.75 ], "texture": "#black_iron" },
				"west": { "uv": [ 7.25, 5.5, 7.75, 5.75 ], "texture": "#black_iron" },
				"east": { "uv": [ 8.25, 5.5, 8.75, 5.75 ], "texture": "#black_iron" }
			}
		},
		{
			"__comment": "black_iron1",
			"from": [ 4.25, -5.5, 7 ],
			"to": [ 7, -5.25, 7.25 ],
			"faces": {
				"down": { "uv": [ 4.25, 8.75, 7, 9 ], "texture": "#black_iron" },
				"up": { "uv": [ 4.25, 7, 7, 7.25 ], "texture": "#black_iron" },
				"north": { "uv": [ 9, 5.25, 11.75, 5.5 ], "texture": "#black_iron" },
				"south": { "uv": [ 4.25, 5.25, 7, 5.5 ], "texture": "#black_iron" },
				"west": { "uv": [ 7, 5.25, 7.25, 5.5 ], "texture": "#black_iron" }
			}
		},
		{
			"__comment": "black_iron2",
			"from": [ 4.25, -5.5, 7.75 ],
			"to": [ 7, -5.25, 8 ],
			"faces": {
				"down": { "uv": [ 4.25, 8, 7, 8.25 ], "texture": "#black_iron" },
				"up": { "uv": [ 4.25, 7.75, 7, 8 ], "texture": "#black_iron" },
				"north": { "uv": [ 9, 5.25, 11.75, 5.5 ], "texture": "#black_iron" },
				"south": { "uv": [ 4.25, 5.25, 7, 5.5 ], "texture": "#black_iron" },
				"west": { "uv": [ 7.75, 5.25, 8, 5.5 ], "texture": "#black_iron" }
			}
		},
		{
			"__comment": "black_iron3",
			"from": [ 4.5, -5.25, 6.75 ],
			"to": [ 7.25, -5, 7 ],
			"faces": {
				"down": { "uv": [ 4.5, 9, 7.25, 9.25 ], "texture": "#black_iron" },
				"up": { "uv": [ 4.5, 6.75, 7.25, 7 ], "texture": "#black_iron" },
				"north": { "uv": [ 8.75, 5, 11.5, 5.25 ], "texture": "#black_iron" },
				"south": { "uv": [ 4.5, 5, 7.25, 5.25 ], "texture": "#black_iron" },
				"west": { "uv": [ 6.75, 5, 7, 5.25 ], "texture": "#black_iron" }
			}
		},
		{
			"__comment": "black_iron4",
			"from": [ 4.5, -5.25, 8 ],
			"to": [ 7.25, -5, 8.25 ],
			"faces": {
				"down": { "uv": [ 4.5, 7.75, 7.25, 8 ], "texture": "#black_iron" },
				"up": { "uv": [ 4.5, 8, 7.25, 8.25 ], "texture": "#black_iron" },
				"north": { "uv": [ 8.75, 5, 11.5, 5.25 ], "texture": "#black_iron" },
				"south": { "uv": [ 4.5, 5, 7.25, 5.25 ], "texture": "#black_iron" },
				"west": { "uv": [ 8, 5, 8.25, 5.25 ], "texture": "#black_iron" }
			}
		},
		{
			"__comment": "black_iron5",
			"from": [ 4.75, -5, 6.75 ],
			"to": [ 7.25, -4.75, 7 ],
			"faces": {
				"up": { "uv": [ 4.75, 6.75, 7.25, 7 ], "texture": "#black_iron" },
				"north": { "uv": [ 8.75, 4.75, 11.25, 5 ], "texture": "#black_iron" },
				"south": { "uv": [ 4.75, 4.75, 7.25, 5 ], "texture": "#black_iron" },
				"west": { "uv": [ 6.75, 4.75, 7, 5 ], "texture": "#black_iron" }
			}
		},
		{
			"__comment": "black_iron6",
			"from": [ 4.75, -5, 8 ],
			"to": [ 7.25, -4.75, 8.25 ],
			"faces": {
				"up": { "uv": [ 4.75, 8, 7.25, 8.25 ], "texture": "#black_iron" },
				"north": { "uv": [ 8.75, 4.75, 11.25, 5 ], "texture": "#black_iron" },
				"south": { "uv": [ 4.75, 4.75, 7.25, 5 ], "texture": "#black_iron" },
				"west": { "uv": [ 8, 4.75, 8.25, 5 ], "texture": "#black_iron" }
			}
		},
		{
			"__comment": "black_iron7",
			"from": [ 5.25, -4.75, 7 ],
			"to": [ 7, -4.5, 7.25 ],
			"faces": {
				"down": { "uv": [ 5.25, 8.75, 7, 9 ], "texture": "#black_iron" },
				"up": { "uv": [ 5.25, 7, 7, 7.25 ], "texture": "#black_iron" },
				"north": { "uv": [ 9, 4.5, 10.75, 4.75 ], "texture": "#black_iron" },
				"south": { "uv": [ 5.25, 4.5, 7, 4.75 ], "texture": "#black_iron" },
				"west": { "uv": [ 7, 4.5, 7.25, 4.75 ], "texture": "#black_iron" }
			}
		},
		{
			"__comment": "black_iron8",
			"from": [ 5.25, -4.75, 7.75 ],
			"to": [ 7, -4.5, 8 ],
			"faces": {
				"down": { "uv": [ 5.25, 8, 7, 8.25 ], "texture": "#black_iron" },
				"up": { "uv": [ 5.25, 7.75, 7, 8 ], "texture": "#black_iron" },
				"north": { "uv": [ 9, 4.5, 10.75, 4.75 ], "texture": "#black_iron" },
				"south": { "uv": [ 5.25, 4.5, 7, 4.75 ], "texture": "#black_iron" },
				"west": { "uv": [ 7.75, 4.5, 8, 4.75 ], "texture": "#black_iron" }
			}
		},
		{
			"__comment": "black_iron9",
			"from": [ 5.25, -4.5, 7.25 ],
			"to": [ 10.75, -4.25, 7.75 ],
			"faces": {
				"down": { "uv": [ 5.25, 8.25, 10.75, 8.75 ], "texture": "#black_iron" },
				"up": { "uv": [ 5.25, 7.25, 10.75, 7.75 ], "texture": "#black_iron" },
				"north": { "uv": [ 5.25, 4.25, 10.75, 4.5 ], "texture": "#black_iron" },
				"south": { "uv": [ 5.25, 4.25, 10.75, 4.5 ], "texture": "#black_iron" },
				"west": { "uv": [ 7.25, 4.25, 7.75, 4.5 ], "texture": "#black_iron" },
				"east": { "uv": [ 8.25, 4.25, 8.75, 4.5 ], "texture": "#black_iron" }
			}
		},
		{
			"__comment": "black_iron11",
			"from": [ 5.5, -5.25, 7 ],
			"to": [ 7, -4.75, 7.25 ],
			"faces": {
				"north": { "uv": [ 9, 4.75, 10.5, 5.25 ], "texture": "#black_iron" }
			}
		},
		{
			"__comment": "black_iron12",
			"from": [ 5.5, -5.25, 7.75 ],
			"to": [ 7, -4.75, 8 ],
			"faces": {
				"south": { "uv": [ 5.5, 4.75, 7, 5.25 ], "texture": "#black_iron" }
			}
		},
		{
			"__comment": "black_iron8",
			"from": [ 6.75, -15.5, 7 ],
			"to": [ 7, -11.75, 7.25 ],
			"faces": {
				"down": { "uv": [ 6.75, 8.75, 7, 9 ], "texture": "#black_iron" },
				"up": { "uv": [ 6.75, 7, 7, 7.25 ], "texture": "#black_iron" },
				"north": { "uv": [ 9, 11.75, 9.25, 15.5 ], "texture": "#black_iron" },
				"south": { "uv": [ 6.75, 11.75, 7, 15.5 ], "texture": "#black_iron" },
				"west": { "uv": [ 7, 11.75, 7.25, 15.5 ], "texture": "#black_iron" }
			}
		},
		{
			"__comment": "black_iron10",
			"from": [ 6.75, -15.5, 7.75 ],
			"to": [ 7, -11.75, 8 ],
			"faces": {
				"down": { "uv": [ 6.75, 8, 7, 8.25 ], "texture": "#black_iron" },
				"up": { "uv": [ 6.75, 7.75, 7, 8 ], "texture": "#black_iron" },
				"north": { "uv": [ 9, 11.75, 9.25, 15.5 ], "texture": "#black_iron" },
				"south": { "uv": [ 6.75, 11.75, 7, 15.5 ], "texture": "#black_iron" },
				"west": { "uv": [ 7.75, 11.75, 8, 15.5 ], "texture": "#black_iron" }
			}
		},
		{
			"__comment": "black_iron",
			"from": [ 7, -15.5, 7 ],
			"to": [ 9, -11.75, 8 ],
			"faces": {
				"down": { "uv": [ 7, 8, 9, 9 ], "texture": "#black_iron" },
				"up": { "uv": [ 7, 7, 9, 8 ], "texture": "#black_iron" },
				"north": { "uv": [ 7, 11.75, 9, 15.5 ], "texture": "#black_iron" },
				"south": { "uv": [ 7, 11.75, 9, 15.5 ], "texture": "#black_iron" },
				"west": { "uv": [ 7, 11.75, 8, 15.5 ], "texture": "#black_iron" },
				"east": { "uv": [ 8, 11.75, 9, 15.5 ], "texture": "#black_iron" }
			}
		},
		{
			"__comment": "red5",
			"from": [ 7, -14, 8 ],
			"to": [ 7.25, -11.25, 8.25 ],
			"faces": {
				"down": { "uv": [ 7, 7.75, 7.25, 8 ], "texture": "#red" },
				"up": { "uv": [ 7, 8, 7.25, 8.25 ], "texture": "#red" },
				"north": { "uv": [ 8.75, 11.25, 9, 14 ], "texture": "#red" },
				"south": { "uv": [ 7, 11.25, 7.25, 14 ], "texture": "#red" },
				"west": { "uv": [ 8, 11.25, 8.25, 14 ], "texture": "#red" },
				"east": { "uv": [ 7.75, 11.25, 8, 14 ], "texture": "#red" }
			}
		},
		{
			"__comment": "black_iron9",
			"from": [ 7, -11.75, 7 ],
			"to": [ 7.25, -11.5, 7.25 ],
			"faces": {
				"up": { "uv": [ 7, 7, 7.25, 7.25 ], "texture": "#black_iron" },
				"north": { "uv": [ 8.75, 11.5, 9, 11.75 ], "texture": "#black_iron" },
				"south": { "uv": [ 7, 11.5, 7.25, 11.75 ], "texture": "#black_iron" },
				"west": { "uv": [ 7, 11.5, 7.25, 11.75 ], "texture": "#black_iron" }
			}
		},
		{
			"__comment": "black_iron11",
			"from": [ 7, -11.75, 7.75 ],
			"to": [ 7.25, -11.5, 8 ],
			"faces": {
				"up": { "uv": [ 7, 7.75, 7.25, 8 ], "texture": "#black_iron" },
				"north": { "uv": [ 8.75, 11.5, 9, 11.75 ], "texture": "#black_iron" },
				"west": { "uv": [ 7.75, 11.5, 8, 11.75 ], "texture": "#black_iron" }
			}
		},
		{
			"__comment": "normal_iron3",
			"from": [ 7, -8, 7 ],
			"to": [ 7.25, -7, 7.25 ],
			"faces": {
				"down": { "uv": [ 7, 8.75, 7.25, 9 ], "texture": "#iron" },
				"up": { "uv": [ 7, 7, 7.25, 7.25 ], "texture": "#iron" },
				"north": { "uv": [ 8.75, 7, 9, 8 ], "texture": "#iron" },
				"south": { "uv": [ 7, 7, 7.25, 8 ], "texture": "#iron" },
				"west": { "uv": [ 7, 7, 7.25, 8 ], "texture": "#iron" }
			}
		},
		{
			"__comment": "normal_iron2",
			"from": [ 7, -8, 7.75 ],
			"to": [ 8.5, -7, 8 ],
			"faces": {
				"down": { "uv": [ 7, 8, 8.5, 8.25 ], "texture": "#iron" },
				"up": { "uv": [ 7, 7.75, 8.5, 8 ], "texture": "#iron" },
				"north": { "uv": [ 7.5, 7, 9, 8 ], "texture": "#iron" },
				"south": { "uv": [ 7, 7, 8.5, 8 ], "texture": "#iron" },
				"west": { "uv": [ 7.75, 7, 8, 8 ], "texture": "#iron" }
			}
		},
		{
			"__comment": "black_iron",
			"from": [ 7, -6.75, 7 ],
			"to": [ 9, -4, 7.25 ],
			"faces": {
				"down": { "uv": [ 7, 8.75, 9, 9 ], "texture": "#black_iron" },
				"up": { "uv": [ 7, 7, 9, 7.25 ], "texture": "#black_iron" },
				"north": { "uv": [ 7, 4, 9, 6.75 ], "texture": "#black_iron" },
				"south": { "uv": [ 7, 4, 9, 6.75 ], "texture": "#black_iron" },
				"west": { "uv": [ 7, 4, 7.25, 6.75 ], "texture": "#black_iron" },
				"east": { "uv": [ 8.75, 4, 9, 6.75 ], "texture": "#black_iron" }
			}
		},
		{
			"__comment": "black_iron1",
			"from": [ 7, -6.75, 7.25 ],
			"to": [ 9, -5.75, 8 ],
			"faces": {
				"down": { "uv": [ 7, 8, 9, 8.75 ], "texture": "#black_iron" },
				"up": { "uv": [ 7, 7.25, 9, 8 ], "texture": "#black_iron" },
				"south": { "uv": [ 7, 5.75, 9, 6.75 ], "texture": "#black_iron" },
				"west": { "uv": [ 7.25, 5.75, 8, 6.75 ], "texture": "#black_iron" },
				"east": { "uv": [ 8, 5.75, 8.75, 6.75 ], "texture": "#black_iron" }
			}
		},
		{
			"__comment": "black_iron2",
			"from": [ 7, -5.75, 7.75 ],
			"to": [ 9, -4, 8 ],
			"faces": {
				"up": { "uv": [ 7, 7.75, 9, 8 ], "texture": "#black_iron" },
				"north": { "uv": [ 7, 4, 9, 5.75 ], "texture": "#black_iron" },
				"south": { "uv": [ 7, 4, 9, 5.75 ], "texture": "#black_iron" },
				"west": { "uv": [ 7.75, 4, 8, 5.75 ], "texture": "#black_iron" },
				"east": { "uv": [ 8, 4, 8.25, 5.75 ], "texture": "#black_iron" }
			}
		},
		{
			"__comment": "black_iron5",
			"from": [ 7, -4.25, 7.25 ],
			"to": [ 9, -4, 7.75 ],
			"faces": {
				"up": { "uv": [ 7, 7.25, 9, 7.75 ], "texture": "#black_iron" },
				"west": { "uv": [ 7.25, 4, 7.75, 4.25 ], "texture": "#black_iron" },
				"east": { "uv": [ 8.25, 4, 8.75, 4.25 ], "texture": "#black_iron" }
			}
		},
		{
			"__comment": "red10",
			"from": [ 7.25, -15.75, 7.25 ],
			"to": [ 8.75, -15.5, 7.75 ],
			"faces": {
				"down": { "uv": [ 7.25, 8.25, 8.75, 8.75 ], "texture": "#red" },
				"north": { "uv": [ 7.25, 15.5, 8.75, 15.75 ], "texture": "#red" },
				"south": { "uv": [ 7.25, 15.5, 8.75, 15.75 ], "texture": "#red" },
				"west": { "uv": [ 7.25, 15.5, 7.75, 15.75 ], "texture": "#red" },
				"east": { "uv": [ 8.25, 15.5, 8.75, 15.75 ], "texture": "#red" }
			}
		},
		{
			"__comment": "black_iron1",
			"from": [ 7.25, -15.5, 6.75 ],
			"to": [ 8.75, -11.75, 7 ],
			"faces": {
				"down": { "uv": [ 7.25, 9, 8.75, 9.25 ], "texture": "#black_iron" },
				"up": { "uv": [ 7.25, 6.75, 8.75, 7 ], "texture": "#black_iron" },
				"north": { "uv": [ 7.25, 11.75, 8.75, 15.5 ], "texture": "#black_iron" },
				"west": { "uv": [ 6.75, 11.75, 7, 15.5 ], "texture": "#black_iron" },
				"east": { "uv": [ 9, 11.75, 9.25, 15.5 ], "texture": "#black_iron" }
			}
		},
		{
			"__comment": "black_iron2",
			"from": [ 7.25, -15.5, 8 ],
			"to": [ 8.75, -11.75, 8.25 ],
			"faces": {
				"down": { "uv": [ 7.25, 7.75, 8.75, 8 ], "texture": "#black_iron" },
				"up": { "uv": [ 7.25, 8, 8.75, 8.25 ], "texture": "#black_iron" },
				"south": { "uv": [ 7.25, 11.75, 8.75, 15.5 ], "texture": "#black_iron" },
				"west": { "uv": [ 8, 11.75, 8.25, 15.5 ], "texture": "#black_iron" },
				"east": { "uv": [ 7.75, 11.75, 8, 15.5 ], "texture": "#black_iron" }
			}
		},
		{
			"__comment": "black_iron",
			"from": [ 7.25, -11.75, 7 ],
			"to": [ 8.75, -6.75, 7.75 ],
			"faces": {
				"up": { "uv": [ 7.25, 7, 8.75, 7.75 ], "texture": "#black_iron" },
				"north": { "uv": [ 7.25, 6.75, 8.75, 11.75 ], "texture": "#black_iron" },
				"south": { "uv": [ 7.25, 6.75, 8.75, 11.75 ], "texture": "#black_iron" },
				"west": { "uv": [ 7, 6.75, 7.75, 11.75 ], "texture": "#black_iron" },
				"east": { "uv": [ 8.25, 6.75, 9, 11.75 ], "texture": "#black_iron" }
			}
		},
		{
			"__comment": "black_iron1",
			"from": [ 7.25, -11.75, 7.75 ],
			"to": [ 8.75, -8, 8 ],
			"faces": {
				"up": { "uv": [ 7.25, 7.75, 8.75, 8 ], "texture": "#black_iron" },
				"south": { "uv": [ 7.25, 8, 8.75, 11.75 ], "texture": "#black_iron" },
				"west": { "uv": [ 7.75, 8, 8, 11.75 ], "texture": "#black_iron" },
				"east": { "uv": [ 8, 8, 8.25, 11.75 ], "texture": "#black_iron" }
			}
		},
		{
			"__comment": "red6",
			"from": [ 7.25, -11.25, 8 ],
			"to": [ 7.5, -6.75, 8.25 ],
			"faces": {
				"down": { "uv": [ 7.25, 7.75, 7.5, 8 ], "texture": "#red" },
				"north": { "uv": [ 8.5, 6.75, 8.75, 11.25 ], "texture": "#red" },
				"south": { "uv": [ 7.25, 6.75, 7.5, 11.25 ], "texture": "#red" },
				"west": { "uv": [ 8, 6.75, 8.25, 11.25 ], "texture": "#red" }
			}
		},
		{
			"__comment": "black_iron2",
			"from": [ 7.25, -7, 7.75 ],
			"to": [ 8.75, -6.75, 8 ],
			"faces": {
				"down": { "uv": [ 7.25, 8, 8.75, 8.25 ], "texture": "#black_iron" },
				"south": { "uv": [ 7.25, 6.75, 8.75, 7 ], "texture": "#black_iron" },
				"west": { "uv": [ 7.75, 6.75, 8, 7 ], "texture": "#black_iron" },
				"east": { "uv": [ 8, 6.75, 8.25, 7 ], "texture": "#black_iron" }
			}
		},
		{
			"__comment": "black_iron6",
			"from": [ 7.25, -6.75, 6.75 ],
			"to": [ 8.75, -5.25, 7 ],
			"faces": {
				"down": { "uv": [ 7.25, 9, 8.75, 9.25 ], "texture": "#black_iron" },
				"up": { "uv": [ 7.25, 6.75, 8.75, 7 ], "texture": "#black_iron" },
				"north": { "uv": [ 7.25, 5.25, 8.75, 6.75 ], "texture": "#black_iron" },
				"west": { "uv": [ 6.75, 5.25, 7, 6.75 ], "texture": "#black_iron" },
				"east": { "uv": [ 9, 5.25, 9.25, 6.75 ], "texture": "#black_iron" }
			}
		},
		{
			"__comment": "black_iron7",
			"from": [ 7.25, -6.75, 8 ],
			"to": [ 8.75, -5.25, 8.25 ],
			"faces": {
				"down": { "uv": [ 7.25, 7.75, 8.75, 8 ], "texture": "#black_iron" },
				"up": { "uv": [ 7.25, 8, 8.75, 8.25 ], "texture": "#black_iron" },
				"north": { "uv": [ 7.25, 5.25, 8.75, 6.75 ], "texture": "#black_iron" },
				"south": { "uv": [ 7.25, 5.25, 8.75, 6.75 ], "texture": "#black_iron" },
				"west": { "uv": [ 8, 5.25, 8.25, 6.75 ], "texture": "#black_iron" },
				"east": { "uv": [ 7.75, 5.25, 8, 6.75 ], "texture": "#black_iron" }
			}
		},
		{
			"__comment": "red7",
			"from": [ 7.25, -6.75, 8.25 ],
			"to": [ 7.5, -6.25, 8.5 ],
			"faces": {
				"down": { "uv": [ 7.25, 7.5, 7.5, 7.75 ], "texture": "#red" },
				"up": { "uv": [ 7.25, 8.25, 7.5, 8.5 ], "texture": "#red" },
				"south": { "uv": [ 7.25, 6.25, 7.5, 6.75 ], "texture": "#red" },
				"west": { "uv": [ 8.25, 6.25, 8.5, 6.75 ], "texture": "#red" }
			}
		},
		{
			"__comment": "black_iron8",
			"from": [ 7.25, -5.25, 6.75 ],
			"to": [ 7.75, -4, 7 ],
			"faces": {
				"up": { "uv": [ 7.25, 6.75, 7.75, 7 ], "texture": "#black_iron" },
				"north": { "uv": [ 8.25, 4, 8.75, 5.25 ], "texture": "#black_iron" },
				"west": { "uv": [ 6.75, 4, 7, 5.25 ], "texture": "#black_iron" },
				"east": { "uv": [ 9, 4, 9.25, 5.25 ], "texture": "#black_iron" }
			}
		},
		{
			"__comment": "black_iron9",
			"from": [ 7.25, -5.25, 8 ],
			"to": [ 8, -5, 8.25 ],
			"faces": {
				"up": { "uv": [ 7.25, 8, 8, 8.25 ], "texture": "#black_iron" },
				"south": { "uv": [ 7.25, 5, 8, 5.25 ], "texture": "#black_iron" }
			}
		},
		{
			"__comment": "black_iron10",
			"from": [ 7.25, -5, 8 ],
			"to": [ 7.75, -4, 8.25 ],
			"faces": {
				"up": { "uv": [ 7.25, 8, 7.75, 8.25 ], "texture": "#black_iron" },
				"south": { "uv": [ 7.25, 4, 7.75, 5 ], "texture": "#black_iron" },
				"west": { "uv": [ 8, 4, 8.25, 5 ], "texture": "#black_iron" },
				"east": { "uv": [ 7.75, 4, 8, 5 ], "texture": "#black_iron" }
			}
		},
		{
			"__comment": "black_iron6",
			"from": [ 7.25, -4, 7.25 ],
			"to": [ 7.5, -3.75, 7.75 ],
			"faces": {
				"up": { "uv": [ 7.25, 7.25, 7.5, 7.75 ], "texture": "#black_iron" },
				"north": { "uv": [ 8.5, 3.75, 8.75, 4 ], "texture": "#black_iron" },
				"south": { "uv": [ 7.25, 3.75, 7.5, 4 ], "texture": "#black_iron" },
				"west": { "uv": [ 7.25, 3.75, 7.75, 4 ], "texture": "#black_iron" }
			}
		},
		{
			"__comment": "red11",
			"from": [ 7.5, -15.75, 7 ],
			"to": [ 8.5, -15.5, 7.25 ],
			"faces": {
				"down": { "uv": [ 7.5, 8.75, 8.5, 9 ], "texture": "#red" },
				"north": { "uv": [ 7.5, 15.5, 8.5, 15.75 ], "texture": "#red" },
				"west": { "uv": [ 7, 15.5, 7.25, 15.75 ], "texture": "#red" },
				"east": { "uv": [ 8.75, 15.5, 9, 15.75 ], "texture": "#red" }
			}
		},
		{
			"__comment": "red14",
			"from": [ 7.5, -15.75, 7.75 ],
			"to": [ 8.5, -15.5, 8 ],
			"faces": {
				"down": { "uv": [ 7.5, 8, 8.5, 8.25 ], "texture": "#red" },
				"south": { "uv": [ 7.5, 15.5, 8.5, 15.75 ], "texture": "#red" },
				"west": { "uv": [ 7.75, 15.5, 8, 15.75 ], "texture": "#red" },
				"east": { "uv": [ 8, 15.5, 8.25, 15.75 ], "texture": "#red" }
			}
		},
		{
			"__comment": "black_iron6",
			"from": [ 7.5, -15.5, 6.25 ],
			"to": [ 7.75, -11.75, 6.5 ],
			"faces": {
				"down": { "uv": [ 7.5, 9.5, 7.75, 9.75 ], "texture": "#black_iron" },
				"up": { "uv": [ 7.5, 6.25, 7.75, 6.5 ], "texture": "#black_iron" },
				"north": { "uv": [ 8.25, 11.75, 8.5, 15.5 ], "texture": "#black_iron" },
				"west": { "uv": [ 6.25, 11.75, 6.5, 15.5 ], "texture": "#black_iron" },
				"east": { "uv": [ 9.5, 11.75, 9.75, 15.5 ], "texture": "#black_iron" }
			}
		},
		{
			"__comment": "black_iron3",
			"from": [ 7.5, -15.5, 6.5 ],
			"to": [ 8.5, -11.75, 6.75 ],
			"faces": {
				"down": { "uv": [ 7.5, 9.25, 8.5, 9.5 ], "texture": "#black_iron" },
				"up": { "uv": [ 7.5, 6.5, 8.5, 6.75 ], "texture": "#black_iron" },
				"north": { "uv": [ 7.5, 11.75, 8.5, 15.5 ], "texture": "#black_iron" },
				"west": { "uv": [ 6.5, 11.75, 6.75, 15.5 ], "texture": "#black_iron" },
				"east": { "uv": [ 9.25, 11.75, 9.5, 15.5 ], "texture": "#black_iron" }
			}
		},
		{
			"__comment": "black_iron4",
			"from": [ 7.5, -15.5, 8.25 ],
			"to": [ 8.5, -11.75, 8.5 ],
			"faces": {
				"down": { "uv": [ 7.5, 7.5, 8.5, 7.75 ], "texture": "#black_iron" },
				"up": { "uv": [ 7.5, 8.25, 8.5, 8.5 ], "texture": "#black_iron" },
				"south": { "uv": [ 7.5, 11.75, 8.5, 15.5 ], "texture": "#black_iron" },
				"west": { "uv": [ 8.25, 11.75, 8.5, 15.5 ], "texture": "#black_iron" },
				"east": { "uv": [ 7.5, 11.75, 7.75, 15.5 ], "texture": "#black_iron" }
			}
		},
		{
			"__comment": "black_iron12",
			"from": [ 7.5, -15.5, 8.5 ],
			"to": [ 7.75, -11.75, 8.75 ],
			"faces": {
				"down": { "uv": [ 7.5, 7.25, 7.75, 7.5 ], "texture": "#black_iron" },
				"up": { "uv": [ 7.5, 8.5, 7.75, 8.75 ], "texture": "#black_iron" },
				"south": { "uv": [ 7.5, 11.75, 7.75, 15.5 ], "texture": "#black_iron" },
				"west": { "uv": [ 8.5, 11.75, 8.75, 15.5 ], "texture": "#black_iron" },
				"east": { "uv": [ 7.25, 11.75, 7.5, 15.5 ], "texture": "#black_iron" }
			}
		},
		{
			"__comment": "black_iron7",
			"from": [ 7.5, -11.75, 6.5 ],
			"to": [ 7.75, -11.5, 6.75 ],
			"faces": {
				"up": { "uv": [ 7.5, 6.5, 7.75, 6.75 ], "texture": "#black_iron" },
				"north": { "uv": [ 8.25, 11.5, 8.5, 11.75 ], "texture": "#black_iron" },
				"west": { "uv": [ 6.5, 11.5, 6.75, 11.75 ], "texture": "#black_iron" }
			}
		},
		{
			"__comment": "black_iron3",
			"from": [ 7.5, -11.75, 6.75 ],
			"to": [ 8.5, -6.75, 7 ],
			"faces": {
				"north": { "uv": [ 7.5, 6.75, 8.5, 11.75 ], "texture": "#black_iron" },
				"west": { "uv": [ 6.75, 6.75, 7, 11.75 ], "texture": "#black_iron" },
				"east": { "uv": [ 9, 6.75, 9.25, 11.75 ], "texture": "#black_iron" }
			}
		},
		{
			"__comment": "black_iron4",
			"from": [ 7.5, -11.75, 8 ],
			"to": [ 8.5, -6.75, 8.25 ],
			"faces": {
				"north": { "uv": [ 7.5, 6.75, 8.5, 11.75 ], "texture": "#black_iron" },
				"south": { "uv": [ 7.5, 6.75, 8.5, 11.75 ], "texture": "#black_iron" },
				"west": { "uv": [ 8, 6.75, 8.25, 11.75 ], "texture": "#black_iron" },
				"east": { "uv": [ 7.75, 6.75, 8, 11.75 ], "texture": "#black_iron" }
			}
		},
		{
			"__comment": "black_iron13",
			"from": [ 7.5, -11.75, 8.25 ],
			"to": [ 7.75, -11.5, 8.5 ],
			"faces": {
				"up": { "uv": [ 7.5, 8.25, 7.75, 8.5 ], "texture": "#black_iron" },
				"south": { "uv": [ 7.5, 11.5, 7.75, 11.75 ], "texture": "#black_iron" },
				"west": { "uv": [ 8.25, 11.5, 8.5, 11.75 ], "texture": "#black_iron" },
				"east": { "uv": [ 7.5, 11.5, 7.75, 11.75 ], "texture": "#black_iron" }
			}
		},
		{
			"__comment": "normal_iron4",
			"from": [ 7.5, -8, 6.5 ],
			"to": [ 7.75, -7, 6.75 ],
			"faces": {
				"down": { "uv": [ 7.5, 9.25, 7.75, 9.5 ], "texture": "#iron" },
				"up": { "uv": [ 7.5, 6.5, 7.75, 6.75 ], "texture": "#iron" },
				"north": { "uv": [ 8.25, 7, 8.5, 8 ], "texture": "#iron" },
				"west": { "uv": [ 6.5, 7, 6.75, 8 ], "texture": "#iron" },
				"east": { "uv": [ 9.25, 7, 9.5, 8 ], "texture": "#iron" }
			}
		},
		{
			"__comment": "normal_iron1",
			"from": [ 7.5, -8, 8.25 ],
			"to": [ 7.75, -7, 8.5 ],
			"faces": {
				"down": { "uv": [ 7.5, 7.5, 7.75, 7.75 ], "texture": "#iron" },
				"up": { "uv": [ 7.5, 8.25, 7.75, 8.5 ], "texture": "#iron" },
				"south": { "uv": [ 7.5, 7, 7.75, 8 ], "texture": "#iron" },
				"west": { "uv": [ 8.25, 7, 8.5, 8 ], "texture": "#iron" },
				"east": { "uv": [ 7.5, 7, 7.75, 8 ], "texture": "#iron" }
			}
		},
		{
			"__comment": "black_iron11",
			"from": [ 7.5, -6.75, 6.5 ],
			"to": [ 8.5, -5.25, 6.75 ],
			"faces": {
				"down": { "uv": [ 7.5, 9.25, 8.5, 9.5 ], "texture": "#black_iron" },
				"up": { "uv": [ 7.5, 6.5, 8.5, 6.75 ], "texture": "#black_iron" },
				"north": { "uv": [ 7.5, 5.25, 8.5, 6.75 ], "texture": "#black_iron" },
				"west": { "uv": [ 6.5, 5.25, 6.75, 6.75 ], "texture": "#black_iron" },
				"east": { "uv": [ 9.25, 5.25, 9.5, 6.75 ], "texture": "#black_iron" }
			}
		},
		{
			"__comment": "black_iron12",
			"from": [ 7.5, -6.75, 8.25 ],
			"to": [ 8.5, -5.25, 8.5 ],
			"faces": {
				"down": { "uv": [ 7.5, 7.5, 8.5, 7.75 ], "texture": "#black_iron" },
				"up": { "uv": [ 7.5, 8.25, 8.5, 8.5 ], "texture": "#black_iron" },
				"south": { "uv": [ 7.5, 5.25, 8.5, 6.75 ], "texture": "#black_iron" },
				"west": { "uv": [ 8.25, 5.25, 8.5, 6.75 ], "texture": "#black_iron" },
				"east": { "uv": [ 7.5, 5.25, 7.75, 6.75 ], "texture": "#black_iron" }
			}
		},
		{
			"__comment": "red8",
			"from": [ 7.5, -6.25, 8.5 ],
			"to": [ 7.75, -5.25, 8.75 ],
			"faces": {
				"down": { "uv": [ 7.5, 7.25, 7.75, 7.5 ], "texture": "#red" },
				"up": { "uv": [ 7.5, 8.5, 7.75, 8.75 ], "texture": "#red" },
				"south": { "uv": [ 7.5, 5.25, 7.75, 6.25 ], "texture": "#red" },
				"west": { "uv": [ 8.5, 5.25, 8.75, 6.25 ], "texture": "#red" },
				"east": { "uv": [ 7.25, 5.25, 7.5, 6.25 ], "texture": "#red" }
			}
		},
		{
			"__comment": "black_iron13",
			"from": [ 7.5, -5.25, 6.5 ],
			"to": [ 7.75, -4, 6.75 ],
			"faces": {
				"up": { "uv": [ 7.5, 6.5, 7.75, 6.75 ], "texture": "#black_iron" },
				"north": { "uv": [ 8.25, 4, 8.5, 5.25 ], "texture": "#black_iron" },
				"west": { "uv": [ 6.5, 4, 6.75, 5.25 ], "texture": "#black_iron" },
				"east": { "uv": [ 9.25, 4, 9.5, 5.25 ], "texture": "#black_iron" }
			}
		},
		{
			"__comment": "black_iron14",
			"from": [ 7.5, -5.25, 8.25 ],
			"to": [ 7.75, -4, 8.5 ],
			"faces": {
				"up": { "uv": [ 7.5, 8.25, 7.75, 8.5 ], "texture": "#black_iron" },
				"north": { "uv": [ 8.25, 4, 8.5, 5.25 ], "texture": "#black_iron" },
				"south": { "uv": [ 7.5, 4, 7.75, 5.25 ], "texture": "#black_iron" },
				"west": { "uv": [ 8.25, 4, 8.5, 5.25 ], "texture": "#black_iron" },
				"east": { "uv": [ 7.5, 4, 7.75, 5.25 ], "texture": "#black_iron" }
			}
		},
		{
			"__comment": "black_iron5",
			"from": [ 7.5, -4, 7 ],
			"to": [ 7.75, -3.75, 7.25 ],
			"faces": {
				"up": { "uv": [ 7.5, 7, 7.75, 7.25 ], "texture": "#black_iron" },
				"north": { "uv": [ 8.25, 3.75, 8.5, 4 ], "texture": "#black_iron" },
				"west": { "uv": [ 7, 3.75, 7.25, 4 ], "texture": "#black_iron" }
			}
		},
		{
			"__comment": "black_iron7",
			"from": [ 7.5, -4, 7.75 ],
			"to": [ 7.75, -3.75, 8 ],
			"faces": {
				"up": { "uv": [ 7.5, 7.75, 7.75, 8 ], "texture": "#black_iron" },
				"south": { "uv": [ 7.5, 3.75, 7.75, 4 ], "texture": "#black_iron" },
				"west": { "uv": [ 7.75, 3.75, 8, 4 ], "texture": "#black_iron" }
			}
		},
		{
			"__comment": "red12",
			"from": [ 7.75, -15.75, 6.75 ],
			"to": [ 8.25, -15.5, 7 ],
			"faces": {
				"down": { "uv": [ 7.75, 9, 8.25, 9.25 ], "texture": "#red" },
				"north": { "uv": [ 7.75, 15.5, 8.25, 15.75 ], "texture": "#red" },
				"west": { "uv": [ 6.75, 15.5, 7, 15.75 ], "texture": "#red" },
				"east": { "uv": [ 9, 15.5, 9.25, 15.75 ], "texture": "#red" }
			}
		},
		{
			"__comment": "red13",
			"from": [ 7.75, -15.75, 8 ],
			"to": [ 8.25, -15.5, 8.25 ],
			"faces": {
				"down": { "uv": [ 7.75, 7.75, 8.25, 8 ], "texture": "#red" },
				"south": { "uv": [ 7.75, 15.5, 8.25, 15.75 ], "texture": "#red" },
				"west": { "uv": [ 8, 15.5, 8.25, 15.75 ], "texture": "#red" },
				"east": { "uv": [ 7.75, 15.5, 8, 15.75 ], "texture": "#red" }
			}
		},
		{
			"__comment": "gold2",
			"from": [ 7.75, -13.25, 6.25 ],
			"to": [ 8, -11.75, 6.5 ],
			"faces": {
				"down": { "uv": [ 7.75, 9.5, 8, 9.75 ], "texture": "#gold" },
				"up": { "uv": [ 7.75, 6.25, 8, 6.5 ], "texture": "#gold" },
				"north": { "uv": [ 8, 11.75, 8.25, 13.25 ], "texture": "#gold" },
				"east": { "uv": [ 9.5, 11.75, 9.75, 13.25 ], "texture": "#gold" }
			}
		},
		{
			"__comment": "gold3",
			"from": [ 7.75, -11.75, 6.5 ],
			"to": [ 8, -11.25, 6.75 ],
			"faces": {
				"up": { "uv": [ 7.75, 6.5, 8, 6.75 ], "texture": "#gold" },
				"north": { "uv": [ 8, 11.25, 8.25, 11.75 ], "texture": "#gold" },
				"west": { "uv": [ 6.5, 11.25, 6.75, 11.75 ], "texture": "#gold" },
				"east": { "uv": [ 9.25, 11.25, 9.5, 11.75 ], "texture": "#gold" }
			}
		},
		{
			"__comment": "normal_iron10",
			"from": [ 7.75, -5.25, 6.75 ],
			"to": [ 8, -4.5, 7 ],
			"faces": {
				"north": { "uv": [ 8, 4.5, 8.25, 5.25 ], "texture": "#iron" },
				"east": { "uv": [ 9, 4.5, 9.25, 5.25 ], "texture": "#iron" }
			}
		},
		{
			"__comment": "red9",
			"from": [ 7.75, -5.25, 8.25 ],
			"to": [ 8, -5, 8.5 ],
			"faces": {
				"up": { "uv": [ 7.75, 8.25, 8, 8.5 ], "texture": "#red" },
				"south": { "uv": [ 7.75, 5, 8, 5.25 ], "texture": "#red" },
				"east": { "uv": [ 7.5, 5, 7.75, 5.25 ], "texture": "#red" }
			}
		},
		{
			"__comment": "normal_iron8",
			"from": [ 7.75, -5, 8 ],
			"to": [ 8.25, -4.5, 8.25 ],
			"faces": {
				"down": { "uv": [ 7.75, 7.75, 8.25, 8 ], "texture": "#iron" },
				"south": { "uv": [ 7.75, 4.5, 8.25, 5 ], "texture": "#iron" }
			}
		},
		{
			"__comment": "black_iron15",
			"from": [ 7.75, -4.5, 6.5 ],
			"to": [ 8.5, -4, 7 ],
			"faces": {
				"down": { "uv": [ 7.75, 9, 8.5, 9.5 ], "texture": "#black_iron" },
				"up": { "uv": [ 7.75, 6.5, 8.5, 7 ], "texture": "#black_iron" },
				"north": { "uv": [ 7.5, 4, 8.25, 4.5 ], "texture": "#black_iron" },
				"west": { "uv": [ 6.5, 4, 7, 4.5 ], "texture": "#black_iron" },
				"east": { "uv": [ 9, 4, 9.5, 4.5 ], "texture": "#black_iron" }
			}
		},
		{
			"__comment": "black_iron16",
			"from": [ 7.75, -4.5, 8 ],
			"to": [ 8.75, -4, 8.25 ],
			"faces": {
				"down": { "uv": [ 7.75, 7.75, 8.75, 8 ], "texture": "#black_iron" },
				"up": { "uv": [ 7.75, 8, 8.75, 8.25 ], "texture": "#black_iron" },
				"south": { "uv": [ 7.75, 4, 8.75, 4.5 ], "texture": "#black_iron" },
				"east": { "uv": [ 7.75, 4, 8, 4.5 ], "texture": "#black_iron" }
			}
		},
		{
			"__comment": "black_iron17",
			"from": [ 7.75, -4.5, 8.25 ],
			"to": [ 8.5, -4, 8.5 ],
			"faces": {
				"down": { "uv": [ 7.75, 7.5, 8.5, 7.75 ], "texture": "#black_iron" },
				"up": { "uv": [ 7.75, 8.25, 8.5, 8.5 ], "texture": "#black_iron" },
				"south": { "uv": [ 7.75, 4, 8.5, 4.5 ], "texture": "#black_iron" },
				"east": { "uv": [ 7.5, 4, 7.75, 4.5 ], "texture": "#black_iron" }
			}
		},
		{
			"__comment": "black_iron4",
			"from": [ 7.75, -4, 6.75 ],
			"to": [ 8.25, -3.75, 7 ],
			"faces": {
				"up": { "uv": [ 7.75, 6.75, 8.25, 7 ], "texture": "#black_iron" },
				"north": { "uv": [ 7.75, 3.75, 8.25, 4 ], "texture": "#black_iron" },
				"west": { "uv": [ 6.75, 3.75, 7, 4 ], "texture": "#black_iron" },
				"east": { "uv": [ 9, 3.75, 9.25, 4 ], "texture": "#black_iron" }
			}
		},
		{
			"__comment": "black_iron",
			"from": [ 7.75, -4, 8 ],
			"to": [ 8.25, -3.75, 8.25 ],
			"faces": {
				"up": { "uv": [ 7.75, 8, 8.25, 8.25 ], "texture": "#black_iron" },
				"south": { "uv": [ 7.75, 3.75, 8.25, 4 ], "texture": "#black_iron" },
				"west": { "uv": [ 8, 3.75, 8.25, 4 ], "texture": "#black_iron" },
				"east": { "uv": [ 7.75, 3.75, 8, 4 ], "texture": "#black_iron" }
			}
		},
		{
			"__comment": "gold",
			"from": [ 8, -13.25, 8.5 ],
			"to": [ 8.25, -11.75, 8.75 ],
			"faces": {
				"down": { "uv": [ 8, 7.25, 8.25, 7.5 ], "texture": "#gold" },
				"up": { "uv": [ 8, 8.5, 8.25, 8.75 ], "texture": "#gold" },
				"south": { "uv": [ 8, 11.75, 8.25, 13.25 ], "texture": "#gold" },
				"west": { "uv": [ 8.5, 11.75, 8.75, 13.25 ], "texture": "#gold" }
			}
		},
		{
			"__comment": "gold1",
			"from": [ 8, -11.75, 8.25 ],
			"to": [ 8.25, -11.25, 8.5 ],
			"faces": {
				"up": { "uv": [ 8, 8.25, 8.25, 8.5 ], "texture": "#gold" },
				"south": { "uv": [ 8, 11.25, 8.25, 11.75 ], "texture": "#gold" },
				"west": { "uv": [ 8.25, 11.25, 8.5, 11.75 ], "texture": "#gold" },
				"east": { "uv": [ 7.5, 11.25, 7.75, 11.75 ], "texture": "#gold" }
			}
		},
		{
			"__comment": "red3",
			"from": [ 8, -5.25, 6.5 ],
			"to": [ 8.25, -5, 6.75 ],
			"faces": {
				"up": { "uv": [ 8, 6.5, 8.25, 6.75 ], "texture": "#red" },
				"north": { "uv": [ 7.75, 5, 8, 5.25 ], "texture": "#red" },
				"west": { "uv": [ 6.5, 5, 6.75, 5.25 ], "texture": "#red" }
			}
		},
		{
			"__comment": "black_iron18",
			"from": [ 8, -5.25, 6.75 ],
			"to": [ 8.75, -5, 7 ],
			"faces": {
				"up": { "uv": [ 8, 6.75, 8.75, 7 ], "texture": "#black_iron" },
				"north": { "uv": [ 7.25, 5, 8, 5.25 ], "texture": "#black_iron" }
			}
		},
		{
			"__comment": "normal_iron9",
			"from": [ 8, -5.25, 8 ],
			"to": [ 8.25, -5, 8.25 ],
			"faces": {
				"south": { "uv": [ 8, 5, 8.25, 5.25 ], "texture": "#iron" }
			}
		},
		{
			"__comment": "normal_iron11",
			"from": [ 8, -5, 6.75 ],
			"to": [ 8.25, -4.5, 7 ],
			"faces": {
				"north": { "uv": [ 7.75, 4.5, 8, 5 ], "texture": "#iron" }
			}
		},
		{
			"__comment": "black_iron4",
			"from": [ 8.25, -15.5, 6.25 ],
			"to": [ 8.5, -11.75, 6.5 ],
			"faces": {
				"down": { "uv": [ 8.25, 9.5, 8.5, 9.75 ], "texture": "#black_iron" },
				"up": { "uv": [ 8.25, 6.25, 8.5, 6.5 ], "texture": "#black_iron" },
				"north": { "uv": [ 7.5, 11.75, 7.75, 15.5 ], "texture": "#black_iron" },
				"west": { "uv": [ 6.25, 11.75, 6.5, 15.5 ], "texture": "#black_iron" },
				"east": { "uv": [ 9.5, 11.75, 9.75, 15.5 ], "texture": "#black_iron" }
			}
		},
		{
			"__comment": "black_iron14",
			"from": [ 8.25, -15.5, 8.5 ],
			"to": [ 8.5, -11.75, 8.75 ],
			"faces": {
				"down": { "uv": [ 8.25, 7.25, 8.5, 7.5 ], "texture": "#black_iron" },
				"up": { "uv": [ 8.25, 8.5, 8.5, 8.75 ], "texture": "#black_iron" },
				"south": { "uv": [ 8.25, 11.75, 8.5, 15.5 ], "texture": "#black_iron" },
				"west": { "uv": [ 8.5, 11.75, 8.75, 15.5 ], "texture": "#black_iron" },
				"east": { "uv": [ 7.25, 11.75, 7.5, 15.5 ], "texture": "#black_iron" }
			}
		},
		{
			"__comment": "black_iron5",
			"from": [ 8.25, -11.75, 6.5 ],
			"to": [ 8.5, -11.5, 6.75 ],
			"faces": {
				"up": { "uv": [ 8.25, 6.5, 8.5, 6.75 ], "texture": "#black_iron" },
				"north": { "uv": [ 7.5, 11.5, 7.75, 11.75 ], "texture": "#black_iron" },
				"west": { "uv": [ 6.5, 11.5, 6.75, 11.75 ], "texture": "#black_iron" },
				"east": { "uv": [ 9.25, 11.5, 9.5, 11.75 ], "texture": "#black_iron" }
			}
		},
		{
			"__comment": "black_iron15",
			"from": [ 8.25, -11.75, 8.25 ],
			"to": [ 8.5, -11.5, 8.5 ],
			"faces": {
				"up": { "uv": [ 8.25, 8.25, 8.5, 8.5 ], "texture": "#black_iron" },
				"south": { "uv": [ 8.25, 11.5, 8.5, 11.75 ], "texture": "#black_iron" },
				"east": { "uv": [ 7.5, 11.5, 7.75, 11.75 ], "texture": "#black_iron" }
			}
		},
		{
			"__comment": "normal_iron5",
			"from": [ 8.25, -8, 6.5 ],
			"to": [ 8.5, -7, 6.75 ],
			"faces": {
				"down": { "uv": [ 8.25, 9.25, 8.5, 9.5 ], "texture": "#iron" },
				"up": { "uv": [ 8.25, 6.5, 8.5, 6.75 ], "texture": "#iron" },
				"north": { "uv": [ 7.5, 7, 7.75, 8 ], "texture": "#iron" },
				"west": { "uv": [ 6.5, 7, 6.75, 8 ], "texture": "#iron" },
				"east": { "uv": [ 9.25, 7, 9.5, 8 ], "texture": "#iron" }
			}
		},
		{
			"__comment": "normal_iron",
			"from": [ 8.25, -8, 8.25 ],
			"to": [ 8.5, -7, 8.5 ],
			"faces": {
				"down": { "uv": [ 8.25, 7.5, 8.5, 7.75 ], "texture": "#iron" },
				"up": { "uv": [ 8.25, 8.25, 8.5, 8.5 ], "texture": "#iron" },
				"south": { "uv": [ 8.25, 7, 8.5, 8 ], "texture": "#iron" },
				"west": { "uv": [ 8.25, 7, 8.5, 8 ], "texture": "#iron" },
				"east": { "uv": [ 7.5, 7, 7.75, 8 ], "texture": "#iron" }
			}
		},
		{
			"__comment": "red2",
			"from": [ 8.25, -6.25, 6.25 ],
			"to": [ 8.5, -5.25, 6.5 ],
			"faces": {
				"down": { "uv": [ 8.25, 9.5, 8.5, 9.75 ], "texture": "#red" },
				"up": { "uv": [ 8.25, 6.25, 8.5, 6.5 ], "texture": "#red" },
				"north": { "uv": [ 7.5, 5.25, 7.75, 6.25 ], "texture": "#red" },
				"west": { "uv": [ 6.25, 5.25, 6.5, 6.25 ], "texture": "#red" },
				"east": { "uv": [ 9.5, 5.25, 9.75, 6.25 ], "texture": "#red" }
			}
		},
		{
			"__comment": "black_iron19",
			"from": [ 8.25, -5.25, 6.5 ],
			"to": [ 8.5, -4.5, 6.75 ],
			"faces": {
				"north": { "uv": [ 7.5, 4.5, 7.75, 5.25 ], "texture": "#black_iron" },
				"south": { "uv": [ 8.25, 4.5, 8.5, 5.25 ], "texture": "#black_iron" },
				"west": { "uv": [ 6.5, 4.5, 6.75, 5.25 ], "texture": "#black_iron" },
				"east": { "uv": [ 9.25, 4.5, 9.5, 5.25 ], "texture": "#black_iron" }
			}
		},
		{
			"__comment": "black_iron20",
			"from": [ 8.25, -5.25, 8 ],
			"to": [ 8.75, -4.5, 8.25 ],
			"faces": {
				"south": { "uv": [ 8.25, 4.5, 8.75, 5.25 ], "texture": "#black_iron" },
				"west": { "uv": [ 8, 4.5, 8.25, 5.25 ], "texture": "#black_iron" },
				"east": { "uv": [ 7.75, 4.5, 8, 5.25 ], "texture": "#black_iron" }
			}
		},
		{
			"__comment": "black_iron21",
			"from": [ 8.25, -5.25, 8.25 ],
			"to": [ 8.5, -4.5, 8.5 ],
			"faces": {
				"south": { "uv": [ 8.25, 4.5, 8.5, 5.25 ], "texture": "#black_iron" },
				"west": { "uv": [ 8.25, 4.5, 8.5, 5.25 ], "texture": "#black_iron" },
				"east": { "uv": [ 7.5, 4.5, 7.75, 5.25 ], "texture": "#black_iron" }
			}
		},
		{
			"__comment": "black_iron22",
			"from": [ 8.25, -5, 6.75 ],
			"to": [ 8.75, -4.5, 7 ],
			"faces": {
				"up": { "uv": [ 8.25, 6.75, 8.75, 7 ], "texture": "#black_iron" },
				"north": { "uv": [ 7.25, 4.5, 7.75, 5 ], "texture": "#black_iron" },
				"east": { "uv": [ 9, 4.5, 9.25, 5 ], "texture": "#black_iron" }
			}
		},
		{
			"__comment": "black_iron3",
			"from": [ 8.25, -4, 7 ],
			"to": [ 8.5, -3.75, 7.25 ],
			"faces": {
				"up": { "uv": [ 8.25, 7, 8.5, 7.25 ], "texture": "#black_iron" },
				"north": { "uv": [ 7.5, 3.75, 7.75, 4 ], "texture": "#black_iron" },
				"east": { "uv": [ 8.75, 3.75, 9, 4 ], "texture": "#black_iron" }
			}
		},
		{
			"__comment": "black_iron1",
			"from": [ 8.25, -4, 7.75 ],
			"to": [ 8.5, -3.75, 8 ],
			"faces": {
				"up": { "uv": [ 8.25, 7.75, 8.5, 8 ], "texture": "#black_iron" },
				"south": { "uv": [ 8.25, 3.75, 8.5, 4 ], "texture": "#black_iron" },
				"east": { "uv": [ 8, 3.75, 8.25, 4 ], "texture": "#black_iron" }
			}
		},
		{
			"__comment": "red",
			"from": [ 8.5, -11.25, 6.75 ],
			"to": [ 8.75, -6.75, 7 ],
			"faces": {
				"down": { "uv": [ 8.5, 9, 8.75, 9.25 ], "texture": "#red" },
				"north": { "uv": [ 7.25, 6.75, 7.5, 11.25 ], "texture": "#red" },
				"east": { "uv": [ 9, 6.75, 9.25, 11.25 ], "texture": "#red" }
			}
		},
		{
			"__comment": "black_iron5",
			"from": [ 8.5, -8, 7.75 ],
			"to": [ 8.75, -7, 8 ],
			"faces": {
				"south": { "uv": [ 8.5, 7, 8.75, 8 ], "texture": "#black_iron" }
			}
		},
		{
			"__comment": "red1",
			"from": [ 8.5, -6.75, 6.5 ],
			"to": [ 8.75, -6.25, 6.75 ],
			"faces": {
				"down": { "uv": [ 8.5, 9.25, 8.75, 9.5 ], "texture": "#red" },
				"up": { "uv": [ 8.5, 6.5, 8.75, 6.75 ], "texture": "#red" },
				"north": { "uv": [ 7.25, 6.25, 7.5, 6.75 ], "texture": "#red" },
				"east": { "uv": [ 9.25, 6.25, 9.5, 6.75 ], "texture": "#red" }
			}
		},
		{
			"__comment": "black_iron23",
			"from": [ 8.5, -4.5, 6.75 ],
			"to": [ 8.75, -4, 7 ],
			"faces": {
				"up": { "uv": [ 8.5, 6.75, 8.75, 7 ], "texture": "#black_iron" },
				"north": { "uv": [ 7.25, 4, 7.5, 4.5 ], "texture": "#black_iron" },
				"east": { "uv": [ 9, 4, 9.25, 4.5 ], "texture": "#black_iron" }
			}
		},
		{
			"__comment": "black_iron2",
			"from": [ 8.5, -4, 7.25 ],
			"to": [ 8.75, -3.75, 7.75 ],
			"faces": {
				"up": { "uv": [ 8.5, 7.25, 8.75, 7.75 ], "texture": "#black_iron" },
				"north": { "uv": [ 7.25, 3.75, 7.5, 4 ], "texture": "#black_iron" },
				"south": { "uv": [ 8.5, 3.75, 8.75, 4 ], "texture": "#black_iron" },
				"east": { "uv": [ 8.25, 3.75, 8.75, 4 ], "texture": "#black_iron" }
			}
		},
		{
			"__comment": "red4",
			"from": [ 8.75, -14, 6.75 ],
			"to": [ 9, -11.25, 7 ],
			"faces": {
				"down": { "uv": [ 8.75, 9, 9, 9.25 ], "texture": "#red" },
				"up": { "uv": [ 8.75, 6.75, 9, 7 ], "texture": "#red" },
				"north": { "uv": [ 7, 11.25, 7.25, 14 ], "texture": "#red" },
				"south": { "uv": [ 8.75, 11.25, 9, 14 ], "texture": "#red" },
				"west": { "uv": [ 6.75, 11.25, 7, 14 ], "texture": "#red" },
				"east": { "uv": [ 9, 11.25, 9.25, 14 ], "texture": "#red" }
			}
		},
		{
			"__comment": "black_iron3",
			"from": [ 8.75, -11.75, 7 ],
			"to": [ 9, -11.5, 7.25 ],
			"faces": {
				"up": { "uv": [ 8.75, 7, 9, 7.25 ], "texture": "#black_iron" },
				"south": { "uv": [ 8.75, 11.5, 9, 11.75 ], "texture": "#black_iron" },
				"east": { "uv": [ 8.75, 11.5, 9, 11.75 ], "texture": "#black_iron" }
			}
		},
		{
			"__comment": "black_iron1",
			"from": [ 8.75, -11.75, 7.75 ],
			"to": [ 9, -11.5, 8 ],
			"faces": {
				"up": { "uv": [ 8.75, 7.75, 9, 8 ], "texture": "#black_iron" },
				"north": { "uv": [ 7, 11.5, 7.25, 11.75 ], "texture": "#black_iron" },
				"south": { "uv": [ 8.75, 11.5, 9, 11.75 ], "texture": "#black_iron" },
				"east": { "uv": [ 8, 11.5, 8.25, 11.75 ], "texture": "#black_iron" }
			}
		},
		{
			"__comment": "normal_iron6",
			"from": [ 8.75, -8, 7 ],
			"to": [ 9, -7, 7.25 ],
			"faces": {
				"down": { "uv": [ 8.75, 8.75, 9, 9 ], "texture": "#iron" },
				"up": { "uv": [ 8.75, 7, 9, 7.25 ], "texture": "#iron" },
				"north": { "uv": [ 7, 7, 7.25, 8 ], "texture": "#iron" },
				"south": { "uv": [ 8.75, 7, 9, 8 ], "texture": "#iron" },
				"east": { "uv": [ 8.75, 7, 9, 8 ], "texture": "#iron" }
			}
		},
		{
			"__comment": "normal_iron7",
			"from": [ 8.75, -8, 7.75 ],
			"to": [ 9, -7, 8 ],
			"faces": {
				"down": { "uv": [ 8.75, 8, 9, 8.25 ], "texture": "#iron" },
				"up": { "uv": [ 8.75, 7.75, 9, 8 ], "texture": "#iron" },
				"north": { "uv": [ 7, 7, 7.25, 8 ], "texture": "#iron" },
				"south": { "uv": [ 8.75, 7, 9, 8 ], "texture": "#iron" },
				"east": { "uv": [ 8, 7, 8.25, 8 ], "texture": "#iron" }
			}
		},
		{
			"__comment": "black_iron14",
			"from": [ 8.75, -5.25, 6.75 ],
			"to": [ 11.5, -5, 7 ],
			"faces": {
				"down": { "uv": [ 8.75, 9, 11.5, 9.25 ], "texture": "#black_iron" },
				"up": { "uv": [ 8.75, 6.75, 11.5, 7 ], "texture": "#black_iron" },
				"north": { "uv": [ 4.5, 5, 7.25, 5.25 ], "texture": "#black_iron" },
				"south": { "uv": [ 8.75, 5, 11.5, 5.25 ], "texture": "#black_iron" },
				"east": { "uv": [ 9, 5, 9.25, 5.25 ], "texture": "#black_iron" }
			}
		},
		{
			"__comment": "black_iron15",
			"from": [ 8.75, -5.25, 8 ],
			"to": [ 11.5, -5, 8.25 ],
			"faces": {
				"down": { "uv": [ 8.75, 7.75, 11.5, 8 ], "texture": "#black_iron" },
				"up": { "uv": [ 8.75, 8, 11.5, 8.25 ], "texture": "#black_iron" },
				"north": { "uv": [ 4.5, 5, 7.25, 5.25 ], "texture": "#black_iron" },
				"south": { "uv": [ 8.75, 5, 11.5, 5.25 ], "texture": "#black_iron" },
				"east": { "uv": [ 7.75, 5, 8, 5.25 ], "texture": "#black_iron" }
			}
		},
		{
			"__comment": "black_iron16",
			"from": [ 8.75, -5, 6.75 ],
			"to": [ 11.25, -4.75, 7 ],
			"faces": {
				"up": { "uv": [ 8.75, 6.75, 11.25, 7 ], "texture": "#black_iron" },
				"north": { "uv": [ 4.75, 4.75, 7.25, 5 ], "texture": "#black_iron" },
				"south": { "uv": [ 8.75, 4.75, 11.25, 5 ], "texture": "#black_iron" },
				"east": { "uv": [ 9, 4.75, 9.25, 5 ], "texture": "#black_iron" }
			}
		},
		{
			"__comment": "black_iron17",
			"from": [ 8.75, -5, 8 ],
			"to": [ 11.25, -4.75, 8.25 ],
			"faces": {
				"up": { "uv": [ 8.75, 8, 11.25, 8.25 ], "texture": "#black_iron" },
				"north": { "uv": [ 4.75, 4.75, 7.25, 5 ], "texture": "#black_iron" },
				"south": { "uv": [ 8.75, 4.75, 11.25, 5 ], "texture": "#black_iron" },
				"east": { "uv": [ 7.75, 4.75, 8, 5 ], "texture": "#black_iron" }
			}
		},
		{
			"__comment": "black_iron2",
			"from": [ 9, -15.5, 7 ],
			"to": [ 9.25, -11.75, 7.25 ],
			"faces": {
				"down": { "uv": [ 9, 8.75, 9.25, 9 ], "texture": "#black_iron" },
				"up": { "uv": [ 9, 7, 9.25, 7.25 ], "texture": "#black_iron" },
				"north": { "uv": [ 6.75, 11.75, 7, 15.5 ], "texture": "#black_iron" },
				"south": { "uv": [ 9, 11.75, 9.25, 15.5 ], "texture": "#black_iron" },
				"east": { "uv": [ 8.75, 11.75, 9, 15.5 ], "texture": "#black_iron" }
			}
		},
		{
			"__comment": "black_iron",
			"from": [ 9, -15.5, 7.75 ],
			"to": [ 9.25, -11.75, 8 ],
			"faces": {
				"down": { "uv": [ 9, 8, 9.25, 8.25 ], "texture": "#black_iron" },
				"up": { "uv": [ 9, 7.75, 9.25, 8 ], "texture": "#black_iron" },
				"north": { "uv": [ 6.75, 11.75, 7, 15.5 ], "texture": "#black_iron" },
				"south": { "uv": [ 9, 11.75, 9.25, 15.5 ], "texture": "#black_iron" },
				"east": { "uv": [ 8, 11.75, 8.25, 15.5 ], "texture": "#black_iron" }
			}
		},
		{
			"__comment": "black_iron18",
			"from": [ 9, -5.5, 7 ],
			"to": [ 11.75, -5.25, 7.25 ],
			"faces": {
				"down": { "uv": [ 9, 8.75, 11.75, 9 ], "texture": "#black_iron" },
				"up": { "uv": [ 9, 7, 11.75, 7.25 ], "texture": "#black_iron" },
				"north": { "uv": [ 4.25, 5.25, 7, 5.5 ], "texture": "#black_iron" },
				"south": { "uv": [ 9, 5.25, 11.75, 5.5 ], "texture": "#black_iron" },
				"east": { "uv": [ 8.75, 5.25, 9, 5.5 ], "texture": "#black_iron" }
			}
		},
		{
			"__comment": "black_iron19",
			"from": [ 9, -5.5, 7.25 ],
			"to": [ 10.5, -5.25, 8 ],
			"faces": {
				"down": { "uv": [ 9, 8, 10.5, 8.75 ], "texture": "#black_iron" },
				"up": { "uv": [ 9, 7.25, 10.5, 8 ], "texture": "#black_iron" },
				"south": { "uv": [ 9, 5.25, 10.5, 5.5 ], "texture": "#black_iron" },
				"west": { "uv": [ 7.25, 5.25, 8, 5.5 ], "texture": "#black_iron" },
				"east": { "uv": [ 8, 5.25, 8.75, 5.5 ], "texture": "#black_iron" }
			}
		},
		{
			"__comment": "black_iron20",
			"from": [ 9, -5.25, 7 ],
			"to": [ 10.5, -4.5, 7.25 ],
			"faces": {
				"up": { "uv": [ 9, 7, 10.5, 7.25 ], "texture": "#black_iron" },
				"north": { "uv": [ 5.5, 4.5, 7, 5.25 ], "texture": "#black_iron" },
				"south": { "uv": [ 9, 4.5, 10.5, 5.25 ], "texture": "#black_iron" },
				"east": { "uv": [ 8.75, 4.5, 9, 5.25 ], "texture": "#black_iron" }
			}
		},
		{
			"__comment": "black_iron21",
			"from": [ 9, -5.25, 7.75 ],
			"to": [ 10.5, -4.5, 8 ],
			"faces": {
				"up": { "uv": [ 9, 7.75, 10.5, 8 ], "texture": "#black_iron" },
				"north": { "uv": [ 5.5, 4.5, 7, 5.25 ], "texture": "#black_iron" },
				"south": { "uv": [ 9, 4.5, 10.5, 5.25 ], "texture": "#black_iron" },
				"east": { "uv": [ 8, 4.5, 8.25, 5.25 ], "texture": "#black_iron" }
			}
		},
		{
			"__comment": "black_iron23",
			"from": [ 10.5, -5.5, 7.75 ],
			"to": [ 11.75, -5.25, 8 ],
			"faces": {
				"down": { "uv": [ 10.5, 8, 11.75, 8.25 ], "texture": "#black_iron" },
				"south": { "uv": [ 10.5, 5.25, 11.75, 5.5 ], "texture": "#black_iron" },
				"east": { "uv": [ 8, 5.25, 8.25, 5.5 ], "texture": "#black_iron" }
			}
		},
		{
			"__comment": "black_iron24",
			"from": [ 10.5, -4.75, 7 ],
			"to": [ 10.75, -4.5, 7.25 ],
			"faces": {
				"up": { "uv": [ 10.5, 7, 10.75, 7.25 ], "texture": "#black_iron" },
				"north": { "uv": [ 5.25, 4.5, 5.5, 4.75 ], "texture": "#black_iron" },
				"east": { "uv": [ 8.75, 4.5, 9, 4.75 ], "texture": "#black_iron" }
			}
		},
		{
			"__comment": "black_iron25",
			"from": [ 10.5, -4.75, 7.75 ],
			"to": [ 10.75, -4.5, 8 ],
			"faces": {
				"up": { "uv": [ 10.5, 7.75, 10.75, 8 ], "texture": "#black_iron" },
				"south": { "uv": [ 10.5, 4.5, 10.75, 4.75 ], "texture": "#black_iron" },
				"east": { "uv": [ 8, 4.5, 8.25, 4.75 ], "texture": "#black_iron" }
			}
		},
		{
			"__comment": "laser_light",
			"from": [ 0.25, -5.25, 7.25 ],
			"to": [ 15.75, -4.75, 7.75 ],
			"faces": {
				"down": { "uv": [ 0.25, 8.25, 15.75, 8.75 ], "texture": "#laser" },
				"up": { "uv": [ 0.25, 7.25, 15.75, 7.75 ], "texture": "#laser" },
				"north": { "uv": [ 0.25, 4.75, 15.75, 5.25 ], "texture": "#laser" },
				"south": { "uv": [ 0.25, 4.75, 15.75, 5.25 ], "texture": "#laser" },
				"west": { "uv": [ 7.25, 4.75, 7.75, 5.25 ], "texture": "#laser" },
				"east": { "uv": [ 8.25, 4.75, 8.75, 5.25 ], "texture": "#laser" }
			}
		},
		{
			"__comment": "laser_dark4",
			"from": [ 0.5, -5.5, 7.25 ],
			"to": [ 5.5, -5.25, 7.75 ],
			"faces": {
				"down": { "uv": [ 0.5, 8.25, 5.5, 8.75 ], "texture": "#laser" },
				"north": { "uv": [ 10.5, 5.25, 15.5, 5.5 ], "texture": "#laser" },
				"south": { "uv": [ 0.5, 5.25, 5.5, 5.5 ], "texture": "#laser" },
				"west": { "uv": [ 7.25, 5.25, 7.75, 5.5 ], "texture": "#laser" }
			}
		},
		{
			"__comment": "laser_dark7",
			"from": [ 0.5, -5.25, 7 ],
			"to": [ 5.5, -4.75, 7.25 ],
			"faces": {
				"down": { "uv": [ 0.5, 8.75, 5.5, 9 ], "texture": "#laser" },
				"up": { "uv": [ 0.5, 7, 5.5, 7.25 ], "texture": "#laser" },
				"north": { "uv": [ 10.5, 4.75, 15.5, 5.25 ], "texture": "#laser" },
				"west": { "uv": [ 7, 4.75, 7.25, 5.25 ], "texture": "#laser" }
			}
		},
		{
			"__comment": "laser_dark6",
			"from": [ 0.5, -5.25, 7.75 ],
			"to": [ 5.5, -4.75, 8 ],
			"faces": {
				"down": { "uv": [ 0.5, 8, 5.5, 8.25 ], "texture": "#laser" },
				"up": { "uv": [ 0.5, 7.75, 5.5, 8 ], "texture": "#laser" },
				"south": { "uv": [ 0.5, 4.75, 5.5, 5.25 ], "texture": "#laser" },
				"west": { "uv": [ 7.75, 4.75, 8, 5.25 ], "texture": "#laser" }
			}
		},
		{
			"__comment": "laser_dark5",
			"from": [ 0.5, -4.75, 7.25 ],
			"to": [ 5.5, -4.5, 7.75 ],
			"faces": {
				"up": { "uv": [ 0.5, 7.25, 5.5, 7.75 ], "texture": "#laser" },
				"north": { "uv": [ 10.5, 4.5, 15.5, 4.75 ], "texture": "#laser" },
				"south": { "uv": [ 0.5, 4.5, 5.5, 4.75 ], "texture": "#laser" },
				"west": { "uv": [ 7.25, 4.5, 7.75, 4.75 ], "texture": "#laser" }
			}
		},
		{
			"__comment": "laser_dark9",
			"from": [ 7.5, -4, 7.25 ],
			"to": [ 7.75, 0, 7.75 ],
			"faces": {
				"north": { "uv": [ 8.25, 0, 8.5, 4 ], "texture": "#laser" },
				"south": { "uv": [ 7.5, 0, 7.75, 4 ], "texture": "#laser" },
				"west": { "uv": [ 7.25, 0, 7.75, 4 ], "texture": "#laser" }
			}
		},
		{
			"__comment": "laser_dark10",
			"from": [ 7.75, -4, 7 ],
			"to": [ 8.25, 0, 7.25 ],
			"faces": {
				"north": { "uv": [ 7.75, 0, 8.25, 4 ], "texture": "#laser" },
				"west": { "uv": [ 7, 0, 7.25, 4 ], "texture": "#laser" },
				"east": { "uv": [ 8.75, 0, 9, 4 ], "texture": "#laser" }
			}
		},
		{
			"__comment": "laser_dark8",
			"from": [ 7.75, -4, 7.75 ],
			"to": [ 8.25, 0, 8 ],
			"faces": {
				"south": { "uv": [ 7.75, 0, 8.25, 4 ], "texture": "#laser" },
				"west": { "uv": [ 7.75, 0, 8, 4 ], "texture": "#laser" },
				"east": { "uv": [ 8, 0, 8.25, 4 ], "texture": "#laser" }
			}
		},
		{
			"__comment": "laser_dark11",
			"from": [ 8.25, -4, 7.25 ],
			"to": [ 8.5, 0, 7.75 ],
			"faces": {
				"north": { "uv": [ 7.5, 0, 7.75, 4 ], "texture": "#laser" },
				"south": { "uv": [ 8.25, 0, 8.5, 4 ], "texture": "#laser" },
				"east": { "uv": [ 8.25, 0, 8.75, 4 ], "texture": "#laser" }
			}
		},
		{
			"__comment": "laser_dark3",
			"from": [ 10.5, -5.5, 7.25 ],
			"to": [ 15.5, -5.25, 7.75 ],
			"faces": {
				"down": { "uv": [ 10.5, 8.25, 15.5, 8.75 ], "texture": "#laser" },
				"north": { "uv": [ 0.5, 5.25, 5.5, 5.5 ], "texture": "#laser" },
				"south": { "uv": [ 10.5, 5.25, 15.5, 5.5 ], "texture": "#laser" },
				"east": { "uv": [ 8.25, 5.25, 8.75, 5.5 ], "texture": "#laser" }
			}
		},
		{
			"__comment": "laser_dark2",
			"from": [ 10.5, -5.25, 7 ],
			"to": [ 15.5, -4.75, 7.25 ],
			"faces": {
				"down": { "uv": [ 10.5, 8.75, 15.5, 9 ], "texture": "#laser" },
				"up": { "uv": [ 10.5, 7, 15.5, 7.25 ], "texture": "#laser" },
				"north": { "uv": [ 0.5, 4.75, 5.5, 5.25 ], "texture": "#laser" },
				"east": { "uv": [ 8.75, 4.75, 9, 5.25 ], "texture": "#laser" }
			}
		},
		{
			"__comment": "laser_dark",
			"from": [ 10.5, -5.25, 7.75 ],
			"to": [ 15.5, -4.75, 8 ],
			"faces": {
				"down": { "uv": [ 10.5, 8, 15.5, 8.25 ], "texture": "#laser" },
				"up": { "uv": [ 10.5, 7.75, 15.5, 8 ], "texture": "#laser" },
				"south": { "uv": [ 10.5, 4.75, 15.5, 5.25 ], "texture": "#laser" },
				"east": { "uv": [ 8, 4.75, 8.25, 5.25 ], "texture": "#laser" }
			}
		},
		{
			"__comment": "laser_dark1",
			"from": [ 10.5, -4.75, 7.25 ],
			"to": [ 15.5, -4.5, 7.75 ],
			"faces": {
				"up": { "uv": [ 10.5, 7.25, 15.5, 7.75 ], "texture": "#laser" },
				"north": { "uv": [ 0.5, 4.5, 5.5, 4.75 ], "texture": "#laser" },
				"south": { "uv": [ 10.5, 4.5, 15.5, 4.75 ], "texture": "#laser" },
				"east": { "uv": [ 8.25, 4.5, 8.75, 4.75 ], "texture": "#laser" }
			}
		},
		{
			"__comment": "laser_dark11",
			"from": [ 8.25, 0, 7.25 ],
			"to": [ 8.5, 16, 7.75 ],
			"faces": {
				"north": { "uv": [ 7.5, 0, 7.75, 16 ], "texture": "#laser" },
				"south": { "uv": [ 8.25, 0, 8.5, 16 ], "texture": "#laser" },
				"east": { "uv": [ 8.25, 0, 8.75, 16 ], "texture": "#laser" }
			}
		},
		{
			"__comment": "laser_dark8",
			"from": [ 7.75, 0, 7.75 ],
			"to": [ 8.25, 16, 8 ],
			"faces": {
				"south": { "uv": [ 7.75, 0, 8.25, 16 ], "texture": "#laser" },
				"west": { "uv": [ 7.75, 0, 8, 16 ], "texture": "#laser" },
				"east": { "uv": [ 8, 0, 8.25, 16 ], "texture": "#laser" }
			}
		},
		{
			"__comment": "laser_dark10",
			"from": [ 7.75, 0, 7 ],
			"to": [ 8.25, 16, 7.25 ],
			"faces": {
				"north": { "uv": [ 7.75, 0, 8.25, 16 ], "texture": "#laser" },
				"west": { "uv": [ 7, 0, 7.25, 16 ], "texture": "#laser" },
				"east": { "uv": [ 8.75, 0, 9, 16 ], "texture": "#laser" }
			}
		},
		{
			"__comment": "laser_dark9",
			"from": [ 7.5, 0, 7.25 ],
			"to": [ 7.75, 16, 7.75 ],
			"faces": {
				"north": { "uv": [ 8.25, 0, 8.5, 16 ], "texture": "#laser" },
				"south": { "uv": [ 7.5, 0, 7.75, 16 ], "texture": "#laser" },
				"west": { "uv": [ 7.25, 0, 7.75, 16 ], "texture": "#laser" }
			}
		},
		{
			"__comment": "laser_dark10",
			"from": [ 7.75, 16, 7 ],
			"to": [ 8.25, 25.5, 7.25 ],
			"faces": {
				"up": { "uv": [ 7.75, 7, 8.25, 7.25 ], "texture": "#laser" },
				"north": { "uv": [ 7.75, 6.5, 8.25, 16 ], "texture": "#laser" },
				"west": { "uv": [ 7, 6.5, 7.25, 16 ], "texture": "#laser" },
				"east": { "uv": [ 8.75, 6.5, 9, 16 ], "texture": "#laser" }
			}
		},
		{
			"__comment": "laser_dark9",
			"from": [ 7.5, 16, 7.25 ],
			"to": [ 7.75, 25.5, 7.75 ],
			"faces": {
				"up": { "uv": [ 7.5, 7.25, 7.75, 7.75 ], "texture": "#laser" },
				"north": { "uv": [ 8.25, 6.5, 8.5, 16 ], "texture": "#laser" },
				"south": { "uv": [ 7.5, 6.5, 7.75, 16 ], "texture": "#laser" },
				"west": { "uv": [ 7.25, 6.5, 7.75, 16 ], "texture": "#laser" }
			}
		},
		{
			"__comment": "laser_dark8",
			"from": [ 7.75, 16, 7.75 ],
			"to": [ 8.25, 25.5, 8 ],
			"faces": {
				"up": { "uv": [ 7.75, 7.75, 8.25, 8 ], "texture": "#laser" },
				"south": { "uv": [ 7.75, 6.5, 8.25, 16 ], "texture": "#laser" },
				"west": { "uv": [ 7.75, 6.5, 8, 16 ], "texture": "#laser" },
				"east": { "uv": [ 8, 6.5, 8.25, 16 ], "texture": "#laser" }
			}
		},
		{
			"__comment": "laser_dark11",
			"from": [ 8.25, 16, 7.25 ],
			"to": [ 8.5, 25.5, 7.75 ],
			"faces": {
				"up": { "uv": [ 8.25, 7.25, 8.5, 7.75 ], "texture": "#laser" },
				"north": { "uv": [ 7.5, 6.5, 7.75, 16 ], "texture": "#laser" },
				"south": { "uv": [ 8.25, 6.5, 8.5, 16 ], "texture": "#laser" },
				"east": { "uv": [ 8.25, 6.5, 8.75, 16 ], "texture": "#laser" }
			}
		},
		{
			"__comment": "laser_light1",
			"from": [ 7.75, 16, 7.25 ],
			"to": [ 8.25, 25.75, 7.75 ],
			"faces": {
				"up": { "uv": [ 7.75, 7.25, 8.25, 7.75 ], "texture": "#laser" },
				"north": { "uv": [ 7.75, 6.25, 8.25, 16 ], "texture": "#laser" },
				"south": { "uv": [ 7.75, 6.25, 8.25, 16 ], "texture": "#laser" },
				"west": { "uv": [ 7.25, 6.25, 7.75, 16 ], "texture": "#laser" },
				"east": { "uv": [ 8.25, 6.25, 8.75, 16 ], "texture": "#laser" }
			}
		},
		{
			"__comment": "laser_light1",
			"from": [ 7.75, 0, 7.25 ],
			"to": [ 8.25, 16, 7.75 ],
			"faces": {
				"north": { "uv": [ 7.75, 0, 8.25, 16 ], "texture": "#laser" },
				"south": { "uv": [ 7.75, 0, 8.25, 16 ], "texture": "#laser" },
				"west": { "uv": [ 7.25, 0, 7.75, 16 ], "texture": "#laser" },
				"east": { "uv": [ 8.25, 0, 8.75, 16 ], "texture": "#laser" }
			}
		},
		{
			"__comment": "laser_light1",
			"from": [ 7.75, -4, 7.25 ],
			"to": [ 8.25, 0, 7.75 ],
			"faces": {
				"north": { "uv": [ 7.75, 0, 8.25, 4 ], "texture": "#laser" },
				"south": { "uv": [ 7.75, 0, 8.25, 4 ], "texture": "#laser" },
				"west": { "uv": [ 7.25, 0, 7.75, 4 ], "texture": "#laser" },
				"east": { "uv": [ 8.25, 0, 8.75, 4 ], "texture": "#laser" }
			}
		}
	],
	"display": {
		"thirdperson": {
			"translation":  [ 0, 1, -7 ],
			"rotation":  [ 90, 180, 2 ],
			"scale":  [ 0.7, 0.7, 0.7 ]
		},
		"firstperson": {
			"rotation":  [ 2, 45, 2 ],
			"translation":  [ 0, 14, 0 ],
			"scale":  [ 1.5, 1.5, 1.5 ]
		},
		"gui": {
			"rotation":  [ -10, 0, 66 ],
			"translation":  [ -1.5, 1.0, 0 ],
			"scale":  [ 1.5, 0.8, 1.5 ]
		},
		"ground": {
			"translation":  [ 0, 4, 0 ],
			"scale":  [ 1, 1, 1 ]
		},
		"fixed": {
			"rotation":  [ 0, 0, 0 ],
			"translation":  [ 0, 1, 0.6956 ],
			"scale":  [ 0.8, 0.8, 0.8 ]
		}
	}
}